sample_id,lot_id,tool_id,sequence,pr_tone,retained_pattern_source,nominal_cd_nm,exposure_dose_mj_cm2,normalized_dose_pct,focus_um,coat_thickness_nm,softbake_temp_c,peb_temp_c,develop_time_s,developer_concentration_pct,field_x,field_y,resist_line_cd_nm,cdu_3sigma_nm,ler_nm,scum_probability,pattern_collapse_probability,defect_probability,spec_pass
S00489,L0024,T01,489,POSITIVE,UNEXPOSED,50.0,102.691192,102.691192,-0.040447,92.87906,100.196278,109.443946,35.223224,2.408649,-0.709753,0.245474,48.953214,3.100934,1.246858,0.363757,0.000647,0.080299,FAIL
S00624,L0031,T01,624,POSITIVE,UNEXPOSED,50.0,97.425357,97.425357,0.123277,100.75223,99.180757,107.726072,48.907885,2.362926,0.027606,0.315299,50.599678,3.686919,1.592575,0.231017,0.026269,0.113278,FAIL
S00623,L0031,T01,623,POSITIVE,UNEXPOSED,50.0,102.875702,102.875702,-0.035468,101.539379,98.355469,111.830158,56.554731,2.41534,-0.831918,-0.741168,48.380202,2.777548,1.203999,0.031906,0.053311,0.028353,PASS
S00213,L0010,T02,213,POSITIVE,UNEXPOSED,50.0,100.912311,100.912311,-0.002737,95.172174,95.613591,114.470335,42.346029,2.38275,0.435762,-0.05549,51.352991,1.651333,2.216947,0.198318,0.000194,0.026564,PASS
S00436,L0021,T01,436,NEGATIVE,EXPOSED,50.0,82.454342,105.710694,0.04792,112.096801,95.988539,103.12285,67.753642,2.370097,0.721702,0.011136,52.83073,2.726019,1.918345,0.028659,0.102112,0.044266,PASS
S00602,L0030,T03,602,POSITIVE,UNEXPOSED,50.0,112.201087,112.201087,0.048698,105.711946,95.156313,106.965045,57.274878,2.366206,0.426767,-0.740073,50.972048,2.994213,2.236526,0.008735,0.068452,0.056827,PASS
S00490,L0024,T01,490,NEGATIVE,EXPOSED,50.0,75.028539,96.190434,-0.003078,111.661125,98.284545,103.815013,54.230188,2.353059,0.647448,0.011678,48.249381,1.916662,1.221113,0.143528,0.038117,0.018306,PASS
S00444,L0022,T03,444,POSITIVE,UNEXPOSED,50.0,106.044525,106.044525,-0.07998,98.853491,94.20024,108.90297,40.051659,2.403435,-0.427908,-0.952054,51.690346,3.448728,1.362491,0.162588,0.021342,0.069745,FAIL
S00398,L0019,T01,398,POSITIVE,UNEXPOSED,50.0,110.318137,110.318137,0.043061,111.919558,97.453451,108.136271,51.756622,2.358806,-0.461353,0.325427,45.469632,2.777902,1.665831,0.02948,0.070457,0.037547,FAIL
S00777,L0038,T01,777,POSITIVE,UNEXPOSED,50.0,96.642576,96.642576,-0.163646,115.989144,100.256451,109.031978,52.62041,2.348582,0.732766,-0.424376,50.517794,5.178355,1.314317,0.230579,0.055061,0.294786,FAIL
S00171,L0008,T01,171,NEGATIVE,EXPOSED,50.0,91.97071,117.911167,-0.031955,99.923893,97.885526,104.67753,55.433402,2.380032,-0.776328,0.327374,56.810364,2.377902,2.124296,0.028665,0.011327,0.029833,FAIL
S00046,L0002,T01,46,POSITIVE,UNEXPOSED,50.0,99.96967,99.96967,-0.032702,93.430128,95.099859,110.614005,41.378183,2.464886,-0.382875,0.340856,49.670643,2.410678,1.203916,0.263193,0.02039,0.036234,FAIL
S00585,L0029,T01,585,NEGATIVE,EXPOSED,50.0,81.401646,104.361085,-0.054852,106.327637,100.436557,103.450864,64.006606,2.374679,-0.204292,-0.712043,50.967475,2.687736,1.804896,0.026929,0.060107,0.036366,PASS
S00525,L0026,T01,525,POSITIVE,UNEXPOSED,50.0,109.723952,98.120843,-0.006577,107.854151,96.655122,110.377456,50.401156,2.42106,0.333929,0.813393,47.08198,2.880456,1.474033,0.02095,0.051574,0.034446,PASS
S00196,L0009,T01,196,POSITIVE,UNEXPOSED,50.0,103.230807,103.230807,-0.138233,91.402294,101.437277,108.73528,50.916843,2.390449,-0.141536,0.790101,48.912084,4.021625,1.590049,0.046984,0.043102,0.095541,FAIL
S00162,L0008,T02,162,POSITIVE,UNEXPOSED,50.0,96.381008,96.381008,0.048962,113.962666,96.200659,105.037578,49.709769,2.380875,0.582552,-0.199836,50.525982,2.687751,2.152994,0.305644,0.038374,0.086312,FAIL
S00377,L0018,T01,377,POSITIVE,UNEXPOSED,50.0,100.780637,100.780637,0.09159,104.224459,97.983691,112.390706,49.241852,2.290774,0.118074,-0.805076,49.762634,3.586678,1.416853,0.157756,0.011916,0.077233,FAIL
S00774,L0038,T01,774,NEGATIVE,EXPOSED,50.0,75.748553,97.113529,0.002378,86.65252,96.268071,108.541465,60.573492,2.414183,-0.262396,0.848316,46.199914,1.931067,1.841443,0.039824,0.042914,0.019705,FAIL
S00226,L0011,T02,226,NEGATIVE,EXPOSED,50.0,77.47118,99.322026,-0.059499,99.308773,98.41121,106.555015,48.433026,2.382951,0.287821,-0.367183,50.87387,3.175387,1.280943,0.050292,0.006713,0.038464,PASS
S00240,L0012,T02,240,NEGATIVE,EXPOSED,50.0,64.416097,82.58474,0.082533,89.876612,97.755861,107.070728,67.431731,2.336099,0.754328,-0.703316,40.82464,3.947811,2.085136,0.446855,0.122787,0.327531,FAIL
S00007,L0000,T01,7,NEGATIVE,EXPOSED,50.0,72.158877,92.511381,0.06036,103.919411,103.195275,109.110666,50.14124,2.425474,0.24004,0.695227,47.97477,2.477987,2.158602,0.16642,0.01019,0.047651,PASS
S00765,L0038,T03,765,POSITIVE,UNEXPOSED,50.0,95.568934,95.568934,-0.012323,112.426884,98.009009,113.166678,52.898201,2.4265,0.025885,-0.963411,54.356789,4.07979,1.717194,0.233416,0.039863,0.165965,FAIL
S00547,L0027,T02,547,POSITIVE,UNEXPOSED,50.0,89.866015,110.039898,-0.056657,115.783043,94.349657,110.66574,52.17465,2.384749,0.588949,-0.582016,49.235106,2.909529,1.300878,0.028736,0.062349,0.033729,PASS
S00637,L0031,T02,637,POSITIVE,UNEXPOSED,50.0,95.119496,95.119496,-0.065526,113.052042,100.366481,111.210492,39.896134,2.403482,0.321714,-0.248473,52.684758,3.016279,1.493209,0.713327,0.01877,0.205763,FAIL
S00674,L0033,T01,674,POSITIVE,UNEXPOSED,50.0,95.162765,95.162765,-0.057101,92.536066,99.154197,106.094478,44.210457,2.347656,-0.792831,0.622988,51.402533,3.166597,1.935696,0.390434,0.017376,0.131575,FAIL
S00200,L0010,T02,200,NEGATIVE,EXPOSED,50.0,78.720835,100.924147,0.032264,112.311897,97.24624,104.219304,51.137489,2.307931,-0.205645,-0.909988,51.64599,2.921712,1.275444,0.047432,0.045409,0.033937,PASS
S00449,L0022,T01,449,POSITIVE,UNEXPOSED,50.0,103.81021,103.81021,-0.069707,95.491992,96.903889,106.882187,46.910088,2.456816,-0.188951,0.781071,47.974474,3.491602,1.828257,0.043046,0.025461,0.06771,FAIL
S00564,L0028,T02,564,NEGATIVE,EXPOSED,50.0,80.457331,103.150425,0.124791,104.031453,100.695716,104.145716,49.668135,2.361345,0.896119,-0.071449,52.279632,4.19149,1.223415,0.02951,0.040427,0.086222,FAIL
S00512,L0025,T02,512,POSITIVE,UNEXPOSED,50.0,99.136971,99.136971,-0.047502,98.096081,97.056052,113.110764,47.352036,2.470123,-0.831761,0.171173,50.890608,3.113763,1.693489,0.163605,0.018009,0.063046,PASS
S00052,L0002,T02,52,POSITIVE,UNEXPOSED,50.0,93.146727,93.146727,0.002898,94.801591,99.153648,109.028311,53.689644,2.518489,0.525198,0.526233,51.117072,2.636044,1.337535,0.173515,0.031189,0.037691,PASS
S00154,L0007,T02,154,POSITIVE,UNEXPOSED,50.0,102.559581,102.559581,0.005051,99.081977,99.556169,110.754368,50.274051,2.392196,-0.547694,0.085778,49.711014,2.001606,1.388151,0.054427,0.001484,0.015382,PASS
S00410,L0020,T01,410,POSITIVE,UNEXPOSED,50.0,96.995745,96.995745,0.042498,114.253078,96.538716,111.507974,47.504465,2.312889,-0.356374,0.87678,51.611688,3.07384,1.17979,0.345459,0.028279,0.077246,FAIL
S00635,L0031,T01,635,NEGATIVE,EXPOSED,50.0,85.372519,109.451948,0.065289,112.864109,97.004636,101.972584,51.597978,2.436269,-0.476294,0.112617,53.076516,2.84677,1.831482,0.013886,0.025263,0.037295,FAIL
S00625,L0031,T01,625,POSITIVE,UNEXPOSED,50.0,85.44678,85.44678,0.06132,90.252107,98.327135,110.01628,40.440788,2.361186,-0.332326,-0.829316,55.979921,3.119819,1.7448,0.909096,0.0,0.349089,FAIL
S00274,L0013,T02,274,POSITIVE,UNEXPOSED,50.0,93.700902,93.700902,-0.019843,101.619028,95.194323,110.914586,41.013182,2.432846,-0.465194,-0.735894,53.943812,2.349825,1.341966,0.653479,0.007884,0.10019,FAIL
S00763,L0038,T01,763,POSITIVE,UNEXPOSED,50.0,114.141853,114.141853,0.144834,101.727742,96.184228,110.471493,42.574626,2.322548,0.25035,-0.007606,45.147553,3.756068,1.474753,0.0,0.008854,0.059856,FAIL
S00376,L0018,T02,376,POSITIVE,UNEXPOSED,50.0,98.2351395,88.010716,0.00799,105.339625,100.409154,110.462739,42.969202,2.412954,0.395608,0.933101,56.518315,2.481617,1.600608,0.824804,0.0,0.185301,FAIL
S00235,L0011,T02,235,POSITIVE,UNEXPOSED,50.0,109.343787,109.343787,0.049775,98.91813,93.309743,112.568138,49.109114,2.457167,0.976671,0.561988,49.311138,3.447359,1.635491,0.025513,0.021879,0.056036,FAIL
S00040,L0002,T01,40,NEGATIVE,EXPOSED,50.0,83.563151,107.132245,-0.067699,99.065935,102.192504,105.546175,50.190521,2.359,0.673815,0.01233,50.210879,2.939397,1.438797,0.020643,0.030127,0.033665,PASS
S00517,L0025,T01,517,POSITIVE,UNEXPOSED,50.0,105.68223,105.68223,-0.072517,101.775218,97.707926,109.000869,50.443176,2.356648,0.497352,-0.390964,47.002444,2.959621,1.597838,0.060017,0.057798,0.044236,PASS
S00455,L0022,T01,455,NEGATIVE,EXPOSED,50.0,72.50956,92.960974,-0.034578,93.302803,98.28902,106.273563,58.007491,2.345126,0.652004,-0.881994,45.364901,3.127497,1.618576,0.156573,0.037258,0.062982,FAIL
S00000,L0000,T01,0,NEGATIVE,EXPOSED,50.0,86.774791,111.249732,-0.058407,106.402392,95.537902,106.005994,60.022408,2.319366,0.829412,-0.368429,54.192898,2.958429,1.869118,0.0,0.038935,0.041488,FAIL
S00697,L0034,T02,697,POSITIVE,UNEXPOSED,50.0,102.283595,102.283595,0.023025,91.251628,102.013346,111.053937,45.233433,2.450027,0.392422,-0.473172,50.136355,3.094293,1.131726,0.104737,0.025952,0.040339,PASS
S00364,L0018,T01,364,NEGATIVE,EXPOSED,50.0,77.48166,99.335462,-0.010179,111.667913,98.694741,105.619217,54.396762,2.352629,0.709705,-0.116608,47.90159,1.987199,1.204638,0.06002,0.027255,0.014889,PASS
S00749,L0037,T01,749,NEGATIVE,EXPOSED,50.0,70.134183,89.915619,-0.127071,121.105841,95.834346,100.792681,54.947942,2.38345,0.737111,-0.775518,47.842452,4.914326,2.371878,0.412757,0.074259,0.510767,FAIL
S00646,L0032,T01,646,NEGATIVE,EXPOSED,50.0,79.122454,101.439043,0.069977,107.233018,103.562605,106.370611,63.211892,2.322337,-0.935241,-0.011465,50.214335,3.581426,1.574875,0.058783,0.082863,0.076009,FAIL
S00420,L0021,T02,420,POSITIVE,UNEXPOSED,50.0,99.90182,99.90182,0.108972,99.373888,95.355052,109.59329,57.693986,2.33304,0.693066,0.781347,49.695847,4.367116,1.2706,0.032295,0.052503,0.104571,FAIL
S00243,L0012,T03,243,POSITIVE,UNEXPOSED,50.0,95.378086,95.378086,0.155598,108.736429,94.609394,110.867627,48.813913,2.25703,0.405439,0.037083,53.656033,4.05924,1.392585,0.329584,0.036869,0.175272,FAIL
S00404,L0020,T02,404,POSITIVE,UNEXPOSED,50.0,96.4596,96.4596,0.091722,97.189206,101.421903,105.675579,47.645795,2.368927,0.041895,-0.608173,53.160125,3.453121,2.114089,0.341165,0.020498,0.15768,FAIL
S00421,L0021,T01,421,NEGATIVE,EXPOSED,50.0,80.623987,103.364086,-0.089584,103.313911,98.09385,101.781964,51.721246,2.339058,0.454328,0.154112,50.696954,3.470163,1.958619,0.041259,0.035599,0.072521,FAIL
S00782,L0039,T01,782,POSITIVE,UNEXPOSED,50.0,97.371495,97.371495,0.071639,102.14137,97.095877,107.678696,43.770687,2.40636,0.310324,0.001317,50.791954,2.768965,1.47695,0.355927,0.035239,0.073825,FAIL
S00504,L0025,T01,504,POSITIVE,UNEXPOSED,50.0,91.970291,91.970291,0.050489,93.065634,100.054561,105.058886,35.035829,2.404995,-0.280573,-0.064387,53.776471,2.803809,2.326557,0.824259,0.029944,0.324236,FAIL
S00760,L0038,T01,760,POSITIVE,UNEXPOSED,50.0,96.727135,96.727135,-0.079722,113.782384,99.162851,110.761108,56.021742,2.45543,0.804867,-0.001045,49.094408,3.37848,1.223159,0.12985,0.076332,0.064095,FAIL
S00332,L0016,T01,332,NEGATIVE,EXPOSED,50.0,77.309147,99.114291,0.039796,87.146497,98.312682,107.107716,51.144058,2.35915,0.702303,0.54729,47.176262,2.847238,1.576328,0.025396,0.021459,0.033307,PASS
S00733,L0036,T03,733,NEGATIVE,EXPOSED,50.0,74.772993,95.862811,0.007397,71.110952,93.878615,105.933841,56.570064,2.430834,-0.062639,0.093311,49.242536,1.987263,1.459339,0.068133,0.0,0.016344,PASS
S00229,L0011,T01,229,POSITIVE,UNEXPOSED,50.0,96.564216,96.564216,0.151928,107.502384,95.557859,112.462152,56.88854,2.332224,-0.845559,-0.809356,50.380143,5.070956,1.587494,0.083745,0.053837,0.103174,FAIL
S00567,L0028,T01,567,NEGATIVE,EXPOSED,50.0,77.274639,99.07005,-0.094055,97.280539,93.283229,106.786902,60.928622,2.338845,-0.680056,0.735498,48.937922,4.021731,1.802423,0.035385,0.051036,0.104937,FAIL
S00170,L0008,T01,170,NEGATIVE,EXPOSED,50.0,75.327751,96.574039,0.041407,98.788045,98.659312,103.588189,46.544858,2.382757,-0.807626,0.957693,49.830083,3.202221,1.237718,0.086462,0.014773,0.043176,FAIL
S00558,L0027,T03,558,POSITIVE,UNEXPOSED,50.0,99.079602,99.079602,0.064848,87.966399,94.887006,108.701551,51.570216,2.370858,0.551132,0.754291,53.405417,3.163148,1.045029,0.071143,0.016675,0.036415,FAIL
S00695,L0034,T01,695,POSITIVE,UNEXPOSED,50.0,100.084432,100.084432,0.02662,108.03316,99.034434,113.044815,42.922469,2.36162,0.685408,-0.378029,49.732776,2.535976,1.448021,0.338475,0.023366,0.056154,FAIL
S00108,L0005,T02,108,POSITIVE,UNEXPOSED,50.0,102.60603,102.60603,0.031211,106.377494,101.178958,109.74824,33.882618,2.316129,0.184547,0.224947,50.203056,1.883829,1.340833,0.520226,0.00519,0.048722,FAIL
S00102,L0005,T01,102,POSITIVE,UNEXPOSED,50.0,86.3342575,91.835069,-0.047845,84.885299,101.776786,107.628385,50.590022,2.301235,-0.390073,-0.749583,51.722405,3.410191,1.806167,0.256832,0.01367,0.105775,FAIL
S00110,L0005,T01,110,POSITIVE,UNEXPOSED,50.0,86.54181,86.54181,0.016573,109.099243,96.593016,112.258789,54.027464,2.334402,-0.785618,-0.897756,52.050646,2.563478,1.528989,0.562437,0.087091,0.122652,FAIL
S00676,L0033,T01,676,NEGATIVE,EXPOSED,50.0,84.0531,107.760384,0.088858,94.85354,96.618312,110.486062,51.499087,2.351217,0.367436,-0.238492,50.459544,3.306834,2.156926,0.0,0.003718,0.058768,FAIL
S00400,L0020,T02,400,NEGATIVE,EXPOSED,50.0,71.456141,91.610438,-0.032964,99.09542,97.257794,104.233202,58.525494,2.434362,-0.666032,0.284073,47.690598,2.603392,1.260168,0.263561,0.042471,0.046094,FAIL
S00411,L0020,T03,411,NEGATIVE,EXPOSED,50.0,84.073998,107.787177,0.014104,105.385268,102.541288,107.214886,47.645795,2.275821,-0.094161,-0.764638,55.444865,2.154386,1.727048,0.0,0.0,0.018006,FAIL
S00456,L0022,T02,456,NEGATIVE,EXPOSED,50.0,75.387629,96.650807,-0.071955,92.261277,99.861947,104.525952,53.329169,2.43908,0.028691,-0.711852,49.72813,3.079038,1.237735,0.10223,0.038158,0.04309,PASS
S00090,L0004,T03,90,NEGATIVE,EXPOSED,50.0,78.903389,101.158191,0.004555,107.157086,98.749388,104.693686,56.248205,2.426628,0.838241,-0.076583,53.821259,2.230026,1.133817,0.02108,0.039672,0.01626,FAIL
S00427,L0021,T01,427,NEGATIVE,EXPOSED,50.0,73.860012,94.692322,0.023417,103.002706,94.337172,103.912508,45.132979,2.347446,0.15599,0.599788,50.067237,2.056684,1.277047,0.169737,0.0,0.020751,PASS
S00104,L0005,T01,104,NEGATIVE,EXPOSED,50.0,73.881475,94.71984,-0.084069,96.497149,98.680949,106.841755,59.732036,2.422026,0.697364,-0.818926,47.927153,3.897174,1.725207,0.127554,0.058396,0.117596,FAIL
S00672,L0033,T03,672,NEGATIVE,EXPOSED,50.0,79.729302,102.217053,0.017535,111.601443,95.274343,101.6314,60.88009,2.401282,0.37136,0.607068,51.985932,2.115227,2.218086,0.066058,0.04667,0.030458,PASS
S00129,L0006,T01,129,POSITIVE,UNEXPOSED,50.0,100.397871,100.397871,0.070905,96.90302,101.468138,108.562468,49.9051,2.449145,0.660305,0.907127,48.087383,3.992242,1.4753,0.082206,0.009146,0.089306,FAIL
S00746,L0037,T01,746,POSITIVE,UNEXPOSED,50.0,101.317838,101.317838,0.010082,106.985449,97.736443,109.896563,45.424324,2.340992,0.03355,0.970203,48.595707,2.219035,1.445763,0.189049,0.026052,0.029193,PASS
S00700,L0035,T02,700,POSITIVE,UNEXPOSED,50.0,92.84972,92.84972,0.055678,91.603868,98.318665,112.617175,45.106668,2.419912,-0.219884,-0.679164,52.464108,3.311125,1.520098,0.439482,0.0,0.130228,FAIL
S00498,L0024,T01,498,NEGATIVE,EXPOSED,50.0,78.485245,100.622109,-0.00976,101.82337,101.39428,106.191108,61.380919,2.40518,0.56293,-0.912552,48.202157,2.81949,1.345103,0.044284,0.060819,0.033324,PASS
S00661,L0033,T02,661,POSITIVE,UNEXPOSED,50.0,105.4813,105.4813,0.060788,110.745355,99.088301,110.232177,44.552298,2.344416,0.885875,-0.469976,50.016691,3.710862,1.452959,0.128835,0.023983,0.08272,FAIL
S00568,L0028,T02,568,POSITIVE,UNEXPOSED,50.0,99.189515,99.189515,0.019798,115.370453,98.450907,110.243418,38.981749,2.286472,-0.976463,-0.150701,53.401102,2.680363,1.154633,0.59699,0.013623,0.103307,FAIL
S00529,L0026,T02,529,POSITIVE,UNEXPOSED,50.0,105.538309,105.538309,0.113453,103.026573,99.689288,106.109203,52.391106,2.439742,0.793239,-0.862127,50.70218,4.306863,2.149816,0.034536,0.044448,0.150723,FAIL
S00150,L0007,T03,150,POSITIVE,UNEXPOSED,50.0,93.53187,93.53187,-0.035291,120.444655,93.777138,106.034942,46.862624,2.354498,-0.280514,0.971986,54.493335,2.988166,2.116039,0.580461,0.024434,0.19943,FAIL
S00062,L0003,T03,62,NEGATIVE,EXPOSED,50.0,80.755941,103.533258,-0.074499,107.391092,99.684137,104.996806,53.539676,2.340265,0.188743,-0.598035,54.388332,2.752251,1.478076,0.010907,0.01489,0.027656,FAIL
S00373,L0018,T01,373,NEGATIVE,EXPOSED,50.0,73.543323,94.286311,0.08997,97.222297,97.592728,107.241242,63.182674,2.476997,0.438434,0.710738,46.839178,3.841063,1.485322,0.13668,0.072637,0.105848,FAIL
S00160,L0008,T01,160,NEGATIVE,EXPOSED,50.0,85.870032,110.089784,0.933515,120.443408,94.58876,103.843607,48.684623,2.395998,0.408304,-0.738601,54.144277,5.340213,1.523433,0.002011,0.010004,0.20225,FAIL
S00516,L0025,T02,516,POSITIVE,UNEXPOSED,50.0,107.070592,107.070592,0.011872,103.78173,100.383337,108.895986,46.691115,2.339227,0.973547,0.835118,50.163211,2.890175,1.714825,0.0475,0.034857,0.040697,PASS
S00375,L0018,T01,375,POSITIVE,UNEXPOSED,50.0,96.5546,96.5546,-0.057069,99.892827,99.117589,107.739522,55.493435,2.3647,0.88918,-0.360812,48.600742,2.733491,1.635586,0.084661,0.056785,0.040004,PASS
S00211,L0010,T01,211,POSITIVE,UNEXPOSED,50.0,97.399434,97.399434,-0.057586,120.930666,95.367504,109.509822,48.09681,2.298896,0.209636,-0.249724,49.812791,2.822273,1.178474,0.357884,0.044992,0.067967,FAIL
S00648,L0032,T02,648,POSITIVE,UNEXPOSED,50.0,103.240343,103.240343,0.181165,107.498265,99.960426,104.416567,67.473107,2.294287,-0.641765,-0.098897,50.195654,5.089848,2.538843,0.0,0.183179,0.3545,FAIL
S00689,L0034,T03,689,NEGATIVE,EXPOSED,50.0,80.452028,103.143625,-0.032794,122.79972,100.169955,103.430704,48.620007,2.379043,0.858195,-0.420075,53.901873,2.951267,1.24832,0.06484,0.014779,0.033364,FAIL
S00055,L0002,T03,55,POSITIVE,UNEXPOSED,50.0,99.360327,99.360327,-0.050352,90.675562,102.434872,111.843538,49.429855,2.398026,-0.172819,-0.284937,52.302083,2.713682,1.611237,0.088935,0.00276,0.034514,PASS
S00396,L0019,T01,396,NEGATIVE,EXPOSED,50.0,79.232872,101.580605,-0.062422,107.037885,93.81068,106.202701,51.679725,2.352295,-0.675689,0.709386,51.443814,3.610053,1.479017,0.018892,0.028653,0.058775,FAIL
S00089,L0004,T01,89,NEGATIVE,EXPOSED,50.0,75.922939,97.337102,-0.053809,90.470688,95.082835,103.091387,60.21342,2.411904,-0.991416,0.321169,46.97437,4.169482,1.472243,0.072529,0.029855,0.104473,FAIL
S00458,L0022,T03,458,NEGATIVE,EXPOSED,50.0,69.815142,89.506592,-0.058689,126.335361,100.035181,103.219416,64.784357,2.436446,-0.967978,0.259079,47.73853,3.632254,1.620292,0.419835,0.19157,0.241045,PASS
S00206,L0010,T01,206,NEGATIVE,EXPOSED,50.0,80.957683,103.791901,-0.130374,93.529193,101.042274,99.154204,47.161889,2.448486,-0.83986,0.826927,53.447913,5.412845,2.730664,0.023953,0.006089,0.355506,FAIL
S00792,L0039,T01,792,POSITIVE,UNEXPOSED,50.0,105.803159,105.803159,0.055414,103.480563,95.609093,110.741461,44.67281,2.345899,0.120722,0.151727,47.84341,2.483228,1.512902,0.086561,0.031167,0.028836,PASS
S00014,L0000,T02,14,POSITIVE,UNEXPOSED,50.0,94.170365,94.170365,0.106276,88.287499,97.101765,109.909613,47.550879,2.406069,0.148408,0.62414,51.907895,3.882866,1.201099,0.297768,0.0,0.120765,FAIL
S00773,L0038,T02,773,POSITIVE,UNEXPOSED,50.0,112.249626,112.249626,-0.001322,116.62428,95.471776,110.67949,48.229031,2.342304,-0.702513,-0.977337,49.204338,2.606853,1.46515,0.028822,0.055421,0.02822,PASS
S00234,L0011,T01,234,POSITIVE,UNEXPOSED,50.0,95.863338,95.863338,0.101116,99.637388,103.626333,110.467246,48.445253,2.478752,0.947554,-0.668596,52.11931,3.794173,1.418072,0.263129,0.012642,0.118507,FAIL
S00239,L0011,T02,239,POSITIVE,UNEXPOSED,50.0,100.598631,100.598631,-0.008471,101.794368,99.24131,105.592546,56.795508,2.506731,0.289799,-0.55338,49.623289,1.878949,2.236927,0.036567,0.051117,0.023605,PASS
S00004,L0000,T02,4,POSITIVE,UNEXPOSED,50.0,89.802269,89.802269,0.161099,74.573718,93.372304,110.934449,47.11279,2.435894,-0.822209,-0.650443,54.488207,5.046383,1.490122,0.380846,0.0,0.353283,FAIL
S00471,L0023,T01,471,NEGATIVE,EXPOSED,50.0,92.706613,118.854632,-0.11132,89.045387,97.77021,107.859919,53.554954,2.483299,-0.203388,0.405233,55.036924,3.655731,2.328428,0.0,0.005594,0.084865,FAIL
S00509,L0025,T01,509,POSITIVE,UNEXPOSED,50.0,93.774471,93.774471,-0.075039,115.742682,96.566705,108.855239,55.342744,2.292313,0.315534,-0.745571,50.650366,3.566275,1.472634,0.227756,0.081836,0.109446,FAIL
S00784,L0039,T02,784,POSITIVE,UNEXPOSED,50.0,96.788004,96.788004,0.079351,108.124861,97.700112,111.72768,52.661067,2.353569,0.841695,-0.992038,52.957351,4.149808,1.555363,0.133491,0.040747,0.127687,FAIL
S00727,L0036,T01,727,NEGATIVE,EXPOSED,50.0,89.66272,114.952205,-0.016609,111.327107,98.032661,102.607247,55.354644,2.376076,-0.984952,-0.117888,54.334754,2.912336,2.248596,0.016924,0.027871,0.049702,FAIL
S00581,L0029,T01,581,POSITIVE,UNEXPOSED,50.0,104.627588,104.627588,-0.057604,115.853609,97.795629,110.247025,47.846026,2.392083,0.153577,0.528476,48.707448,3.18138,1.164936,0.134448,0.037671,0.049057,PASS
S00164,L0008,T01,164,POSITIVE,UNEXPOSED,50.0,112.473847,112.473847,0.007746,105.69982,98.139012,110.803217,49.709769,2.452472,-0.236759,0.235349,44.376122,2.028042,1.586793,0.0,0.019033,0.015738,FAIL
S00207,L0010,T02,207,POSITIVE,UNEXPOSED,50.0,103.456063,103.456063,0.000674,125.655884,96.622045,108.126215,51.243444,2.391698,-0.026516,0.437457,51.243982,1.967556,1.400037,0.083282,0.079785,0.019745,PASS
S00630,L0031,T01,630,POSITIVE,UNEXPOSED,50.0,102.212387,102.212387,-0.022572,94.60253,97.110785,111.702693,42.747061,2.378982,0.6886,0.142732,49.041653,2.186017,1.386081,0.162515,0.0,0.024021,PASS
S00405,L0020,T03,405,POSITIVE,UNEXPOSED,50.0,102.147788,102.147788,-0.141033,117.815232,96.904669,109.310033,43.659638,2.267286,0.410342,0.28494,52.291533,4.415812,1.480293,0.274006,0.016687,0.197267,FAIL
S00507,L0025,T01,507,POSITIVE,UNEXPOSED,50.0,100.852806,100.852806,-0.102466,83.849889,100.843478,111.917271,43.595378,2.415348,0.842003,-0.721275,50.247081,4.01727,1.462092,0.141702,0.025535,0.109042,FAIL
S00406,L0020,T01,406,POSITIVE,UNEXPOSED,50.0,97.329111,97.329111,0.003687,111.158607,97.071697,109.141324,52.868481,2.348833,-0.429569,-0.76859,49.951048,1.946656,1.401357,0.14934,0.068951,0.022664,PASS
S00622,L0031,T01,622,NEGATIVE,EXPOSED,50.0,74.169514,95.08912,0.040535,91.062357,101.299855,106.976977,49.023239,2.398403,0.532239,0.011834,48.205038,2.926938,1.584193,0.095477,0.031958,0.044211,PASS
S00245,L0012,T02,245,NEGATIVE,EXPOSED,50.0,68.822532,88.234016,-0.000132,88.383165,100.89874,101.26167,52.752443,2.396655,-0.757454,0.691599,47.355126,2.269675,2.398206,0.35125,0.032896,0.078275,FAIL
S00132,L0006,T02,132,NEGATIVE,EXPOSED,50.0,78.871689,101.117551,-0.181857,94.580677,97.961453,107.106752,69.485143,2.407097,0.215649,0.901519,51.981172,5.36615,1.526394,0.014187,0.103363,0.253293,FAIL
S00311,L0015,T01,311,POSITIVE,UNEXPOSED,50.0,92.912548,92.912548,-0.050046,100.265841,96.040533,110.334356,48.972509,2.422228,0.504077,-0.388959,51.546203,2.907237,1.235365,0.370411,0.011898,0.071591,FAIL
S00244,L0012,T02,244,POSITIVE,UNEXPOSED,50.0,98.416596,98.416596,0.000676,77.978826,98.968236,110.939779,48.825202,2.420898,0.991732,-0.933103,52.572944,3.333263,1.154028,0.093454,0.0,0.045203,FAIL
S00454,L0022,T01,454,POSITIVE,UNEXPOSED,50.0,105.67541,105.67541,0.037415,107.113271,95.602891,106.114309,45.793919,2.456332,-0.870106,0.606887,46.846539,2.466115,1.950214,0.075979,0.04119,0.035727,FAIL
S00325,L0016,T02,325,NEGATIVE,EXPOSED,50.0,71.583473,91.773684,-0.033592,128.278533,100.114895,102.673831,54.407009,2.45791,-0.998005,0.285865,48.624005,2.819121,1.753943,0.346934,0.076992,0.094903,FAIL
S00535,L0026,T01,535,POSITIVE,UNEXPOSED,50.0,93.973256,93.973256,-0.161648,86.549272,97.22233,113.953502,52.199763,2.319494,0.368549,-0.371713,50.418027,4.73485,2.026974,0.159548,0.032638,0.247459,FAIL
S00289,L0014,T01,289,POSITIVE,UNEXPOSED,50.0,96.716,96.716,-0.003586,108.035072,97.19857,107.587068,47.516166,2.382862,-0.092266,0.716898,51.653486,1.911402,1.338547,0.328821,0.007423,0.029891,FAIL
S00063,L0003,T01,63,POSITIVE,UNEXPOSED,50.0,103.229764,103.229764,-0.038396,93.848271,98.187282,106.60329,55.089918,2.271295,0.161846,-0.008422,46.851925,2.620893,1.430105,0.007106,0.054923,0.026378,FAIL
S00414,L0020,T01,414,NEGATIVE,EXPOSED,50.0,83.620308,107.205523,0.018018,89.115052,97.109248,106.100356,51.005965,2.369738,0.407442,0.56236,51.351919,2.425399,1.499819,0.008496,0.008034,0.020844,PASS
S00561,L0028,T01,561,NEGATIVE,EXPOSED,50.0,73.965123,94.827081,-0.008143,96.825256,100.508971,106.944478,49.668135,2.370743,0.056097,0.438953,47.492124,2.224037,1.69565,0.127612,0.004887,0.026924,PASS
S00382,L0019,T02,382,POSITIVE,UNEXPOSED,50.0,102.002974,102.002974,-0.111231,99.352917,96.63401,108.455742,37.137286,2.391739,0.919575,0.747469,52.154524,4.301826,1.448551,0.388524,0.006758,0.227588,FAIL
S00606,L0030,T02,606,NEGATIVE,EXPOSED,50.0,79.832147,102.348907,-0.06986,94.29,97.372419,105.289157,61.199621,2.492833,-0.777722,-0.294811,51.661677,3.531424,1.45744,0.0226,0.042637,0.056957,FAIL
S00513,L0025,T02,513,NEGATIVE,EXPOSED,50.0,77.432271,99.272143,-0.039816,118.335485,96.097032,106.723047,59.658881,2.335024,-0.484531,-0.557251,50.386514,2.772858,1.49461,0.081782,0.052503,0.037659,PASS
S00521,L0026,T01,521,POSITIVE,UNEXPOSED,50.0,94.62682,94.62682,0.009936,105.478488,96.416111,107.333264,57.894093,2.438597,-0.933004,0.933299,49.696456,3.269504,1.806997,0.099108,0.063434,0.071029,FAIL
S00417,L0020,T01,417,POSITIVE,UNEXPOSED,50.0,94.521011,96.138252,-0.092158,109.940977,95.479036,113.66355,44.533332,2.308201,0.975575,0.627124,52.388315,3.8178,1.713242,0.505867,0.024588,0.246998,FAIL
S00093,L0004,T01,93,NEGATIVE,EXPOSED,50.0,73.583376,94.337662,-0.060426,95.931639,96.123653,103.580265,61.892326,2.418354,-0.387961,-0.18705,45.822612,2.65086,1.562381,0.188768,0.058117,0.047715,FAIL
S00643,L0032,T01,643,POSITIVE,UNEXPOSED,50.0,96.119084,96.119084,-0.0943,93.791293,94.259801,107.054583,51.889797,2.405765,0.295921,0.630935,48.263851,3.786304,1.82039,0.13261,0.019976,0.105347,FAIL
S00621,L0031,T01,621,POSITIVE,UNEXPOSED,50.0,99.526998,99.526998,0.089654,94.710514,97.258314,112.930455,31.075927,2.357201,-0.854233,-0.906994,52.384024,4.260911,1.440469,0.702859,0.0,0.401802,FAIL
S00346,L0017,T02,346,NEGATIVE,EXPOSED,50.0,88.754164,113.78739,-0.027272,90.950426,100.259646,107.350425,51.593976,2.480969,0.456005,0.701974,52.254654,2.742254,1.97447,0.015074,0.002347,0.035058,PASS
S00499,L0024,T02,499,POSITIVE,UNEXPOSED,50.0,91.854104,91.854104,0.107483,103.750785,94.816509,112.309222,42.471277,2.377886,-0.152659,-0.247163,53.165149,3.612827,1.663565,0.676596,0.01485,0.296808,FAIL
S00280,L0014,T02,280,NEGATIVE,EXPOSED,50.0,79.503944,101.928133,-0.156209,97.739645,94.31457,102.03291,51.027052,2.299758,0.061082,0.04168,52.530758,4.350218,1.609623,0.057181,0.014456,0.119121,FAIL
S00482,L0024,T01,482,POSITIVE,UNEXPOSED,50.0,88.704301,88.704301,0.014995,111.93281,98.126445,111.881462,44.807317,2.363707,0.208969,0.814434,54.24032,2.045169,1.823697,0.820992,0.012171,0.153246,FAIL
S00167,L0008,T01,167,POSITIVE,UNEXPOSED,50.0,96.203058,96.203058,0.010189,96.474213,98.632716,107.446142,43.386228,2.41893,0.908393,0.48054,51.518334,2.603372,1.508001,0.398552,0.007859,0.069001,FAIL
S00251,L0012,T02,251,NEGATIVE,EXPOSED,50.0,80.862022,103.669259,-0.111622,95.851172,98.679343,107.703692,47.196536,2.454682,0.726307,0.126845,51.598218,4.06525,1.766433,0.031794,0.001923,0.094562,FAIL
S00391,L0019,T03,391,POSITIVE,UNEXPOSED,50.0,101.748228,101.748228,-0.067422,110.847981,95.176072,108.269481,52.471092,2.291509,0.674996,-0.716524,51.573589,3.051624,1.335639,0.083324,0.036378,0.041996,PASS
S00595,L0029,T02,595,POSITIVE,UNEXPOSED,50.0,107.399098,107.399098,-0.045488,108.20958,96.901016,108.04433,42.856151,2.37331,-0.513656,0.21355,49.938756,2.574336,1.576062,0.130336,0.022157,0.035412,PASS
S00709,L0035,T01,709,POSITIVE,UNEXPOSED,50.0,100.966485,100.966485,0.016199,110.638073,98.127352,106.809614,44.252844,2.352581,-0.545257,0.276194,49.244074,2.035389,1.791653,0.2584,0.019567,0.035844,FAIL
S00776,L0038,T03,776,NEGATIVE,EXPOSED,50.0,79.170797,101.501021,0.040266,107.413127,97.912165,105.934909,58.386114,2.392173,-0.540928,0.896288,66.312582,2.833851,1.310266,0.060454,0.045614,0.033334,FAIL
S00199,L0009,T01,199,POSITIVE,UNEXPOSED,50.0,101.37772,101.37772,-0.066469,97.934195,98.528701,107.489823,43.969758,2.440209,-0.896982,0.903531,49.864421,3.819767,1.352899,0.195496,0.0,0.096067,FAIL
S00057,L0002,T01,57,POSITIVE,UNEXPOSED,50.0,98.959095,98.959095,0.083997,110.372207,94.244443,111.696738,58.64245,2.422106,0.721012,0.892362,49.264561,3.658958,1.422884,0.034453,0.074986,0.068922,FAIL
S00122,L0006,T01,122,POSITIVE,UNEXPOSED,50.0,95.353994,95.353994,0.025664,82.039896,97.972626,110.416904,51.083251,2.357839,0.602433,0.093978,49.400355,2.976708,1.336324,0.090221,0.015708,0.038312,PASS
S00428,L0021,T03,428,POSITIVE,UNEXPOSED,50.0,101.01949,101.01949,-0.036499,91.912189,97.504543,110.237795,56.32691,2.335071,-0.675517,-0.40752,51.301193,3.017204,1.082403,0.031346,0.044839,0.03167,PASS
S00645,L0032,T02,645,NEGATIVE,EXPOSED,50.0,77.359452,99.178785,-0.176417,107.210765,98.273308,104.800888,56.970295,2.325801,0.437995,-0.13976,51.074391,4.83209,1.405217,0.063614,0.045723,0.166946,FAIL
S00026,L0001,T01,26,POSITIVE,UNEXPOSED,50.0,100.479079,106.288387,0.001995,108.320157,95.604656,111.495457,49.510908,2.353237,0.947785,-0.010969,47.650483,2.091739,1.576085,0.053779,0.048124,0.020547,PASS
S00205,L0010,T01,205,POSITIVE,UNEXPOSED,50.0,103.679269,103.679269,0.044545,115.812649,99.451903,109.163799,44.955777,2.428405,0.92211,-0.821008,49.908713,3.497865,1.348629,0.167892,0.0,0.069463,FAIL
S00656,L0032,T01,656,NEGATIVE,EXPOSED,50.0,77.12155,98.873782,0.003351,104.19291,95.721787,101.478305,50.859841,2.358256,0.306105,-0.921727,49.796721,2.513207,1.775314,0.11344,0.014208,0.035087,PASS
S00616,L0030,T01,616,NEGATIVE,EXPOSED,50.0,85.738151,109.920707,-0.088717,66.935589,98.303852,106.372929,56.298202,2.268786,-0.730939,0.386476,53.222205,4.200019,1.737319,0.0,0.003809,0.095787,FAIL
S00365,L0018,T01,365,POSITIVE,UNEXPOSED,50.0,99.915679,99.915679,-0.022905,100.320864,95.392898,107.907073,53.143726,2.294697,0.412507,0.995231,50.049122,3.013462,0.928607,0.054379,0.039456,0.030563,PASS
S00553,L0027,T01,553,NEGATIVE,EXPOSED,50.0,71.313031,91.426963,-0.037533,94.904097,102.311223,107.954607,54.444984,2.40512,0.169057,-0.850545,45.448754,3.279744,1.850045,0.178552,0.017744,0.080885,FAIL
S00757,L0037,T02,757,NEGATIVE,EXPOSED,50.0,72.375013,92.788479,-0.049617,100.148964,98.589348,103.104869,47.320117,2.46195,0.451336,0.754993,50.4299,2.809541,1.771323,0.249502,0.019366,0.064728,PASS
S00704,L0035,T01,704,POSITIVE,UNEXPOSED,50.0,98.077447,98.077447,-0.034302,94.703516,94.799124,112.072108,43.319424,2.347716,0.226775,0.061748,49.997076,3.18087,1.644447,0.297284,0.028175,0.093724,FAIL
S00537,L0026,T01,537,POSITIVE,UNEXPOSED,50.0,94.546798,94.546798,-0.100812,116.180922,95.950801,112.213503,44.384266,2.413115,-0.741152,-0.229629,52.249374,3.561629,1.755068,0.62221,0.033296,0.276498,FAIL
S00008,L0000,T01,8,NEGATIVE,EXPOSED,50.0,77.509996,99.37179,-0.096155,117.528636,100.639737,106.150077,58.690462,2.372937,-0.87453,0.198979,48.918882,4.244815,1.448339,0.070332,0.092652,0.124907,FAIL
S00362,L0018,T01,362,POSITIVE,UNEXPOSED,50.0,105.576791,105.576791,0.093539,99.270942,96.615433,109.957493,54.070472,2.403608,-0.127877,0.8898,47.701046,3.85311,1.369327,0.0319,0.047796,0.072904,FAIL
S00679,L0033,T03,679,POSITIVE,UNEXPOSED,50.0,92.583035,92.583035,-0.176455,112.981684,95.059071,108.475859,50.913392,2.281915,0.473466,0.894935,56.792595,5.386185,1.652209,0.40837,0.037725,0.486184,PASS
S00054,L0002,T01,54,POSITIVE,UNEXPOSED,50.0,109.543955,109.543955,-0.020762,109.757055,99.141847,110.216675,52.350903,2.342645,-0.500962,0.481647,47.984664,2.671755,1.648367,0.018135,0.064203,0.032574,PASS
S00571,L0028,T01,571,POSITIVE,UNEXPOSED,50.0,99.823237,99.823237,-0.214,115.912532,98.188129,110.554226,49.825313,2.431763,0.362854,0.702036,51.303127,5.938306,1.127248,0.17719,0.05258,0.381103,FAIL
S00157,L0007,T03,157,NEGATIVE,EXPOSED,50.0,82.368321,105.600412,-0.046683,95.254459,100.456224,105.909327,56.177385,2.452949,-0.078351,-0.966302,55.017106,3.696446,1.552868,0.003716,0.016551,0.061102,FAIL
S00350,L0017,T02,350,POSITIVE,UNEXPOSED,50.0,103.763707,103.763707,-0.086672,105.21314,97.455252,104.887374,37.020711,2.318701,0.357747,-0.474093,48.879332,3.50677,2.581716,0.36305,0.006957,0.206628,FAIL
S00265,L0013,T01,265,NEGATIVE,EXPOSED,50.0,74.151163,95.065594,-0.159552,101.369422,95.691365,107.064658,51.76117,2.405272,-0.813588,0.429865,48.150064,4.834657,1.827252,0.099558,0.058024,0.224135,FAIL
S00208,L0010,T01,208,POSITIVE,UNEXPOSED,50.0,97.477511,97.477511,0.010476,112.596544,103.455798,110.765142,39.548796,2.453949,-0.606067,0.928902,52.296084,2.932923,1.29878,0.621572,0.031875,0.14772,FAIL
S00472,L0023,T01,472,POSITIVE,UNEXPOSED,50.0,102.330235,102.330235,-0.047415,116.710509,98.292313,111.479815,45.080336,2.332202,0.767409,0.002055,49.401592,3.090517,1.413862,0.244163,0.031653,0.068329,PASS
S00467,L0023,T01,467,POSITIVE,UNEXPOSED,50.0,102.821217,102.821217,-0.058489,92.469039,98.382661,101.26277,40.213094,2.392763,-0.931323,-0.62879,48.804453,3.855706,4.709754,0.221029,0.004268,0.429784,FAIL
S00260,L0013,T01,260,POSITIVE,UNEXPOSED,50.0,102.450242,102.450242,0.07057,103.826507,99.814379,110.394071,39.33206,2.37689,0.396591,0.706241,49.212365,3.250947,1.25938,0.309011,0.0,0.078797,FAIL
S00020,L0001,T02,20,NEGATIVE,EXPOSED,50.0,82.979233,106.383632,0.072403,79.418057,98.184914,106.284799,45.22369,2.337605,-0.251992,-0.467654,51.649661,2.936009,1.367168,0.0,0.0,0.028403,PASS
S00742,L0037,T03,742,NEGATIVE,EXPOSED,50.0,81.238181,104.151514,0.012957,101.417024,92.622568,109.994395,57.973212,2.380311,-0.333538,0.419311,53.219205,1.519077,2.589311,0.002248,0.022681,0.017957,FAIL
S00598,L0029,T01,598,NEGATIVE,EXPOSED,50.0,81.472486,104.451905,-0.01614,107.073131,99.928019,107.55995,56.631536,2.387284,-0.92242,-0.974041,52.172981,2.998174,1.554961,0.0,0.04039,0.036427,PASS
S00097,L0004,T02,97,POSITIVE,UNEXPOSED,50.0,97.049195,97.049195,-0.056026,101.010714,95.929811,115.899742,48.312937,2.418354,-0.609143,0.557153,51.014209,2.435934,3.130775,0.257047,0.027076,0.099741,FAIL
S00287,L0014,T03,287,NEGATIVE,EXPOSED,50.0,68.033475,87.222404,-0.017855,99.496348,101.984716,101.050818,54.449881,2.35346,-0.834043,-0.308765,47.804361,2.719863,2.138481,0.42051,0.033096,0.115906,FAIL
S00407,L0020,T01,407,NEGATIVE,EXPOSED,50.0,80.611995,103.348712,-0.003074,108.585121,98.061553,101.536581,57.691956,2.411741,0.846639,0.948886,51.773137,2.223546,2.251833,0.043454,0.052591,0.032348,PASS
S00473,L0023,T01,473,POSITIVE,UNEXPOSED,50.0,101.033206,101.033206,0.125188,90.301986,96.745097,109.892518,59.035504,2.370592,0.76668,0.011778,47.656167,4.610491,1.432375,0.030752,0.052835,0.135277,FAIL
S00748,L0037,T01,748,POSITIVE,UNEXPOSED,50.0,98.931185,98.931185,-0.073624,9.465512,98.533505,110.26983,40.111602,2.464003,0.868426,0.339627,51.285518,3.571651,1.019285,0.369607,0.032044,0.112198,FAIL
S00688,L0034,T01,688,NEGATIVE,EXPOSED,50.0,76.235623,97.737978,-0.033108,79.665662,96.130598,106.412342,63.04208,2.442285,-0.836414,-0.917957,48.509377,3.426486,1.62326,0.069631,0.029819,0.062668,FAIL
S00446,L0022,T01,446,POSITIVE,UNEXPOSED,50.0,99.145129,99.145129,-0.180961,76.856319,95.466277,111.18041,53.022483,2.454892,-0.048721,0.94032,50.776063,5.454145,1.149391,0.028737,0.012501,0.197801,FAIL
S00603,L0030,T01,603,NEGATIVE,EXPOSED,50.0,74.808389,95.908191,-0.025911,119.711923,98.943537,102.865425,46.192196,2.412492,-0.065874,0.176005,48.148339,2.11363,1.473759,0.211398,0.033898,0.029421,PASS
S00778,L0038,T02,778,NEGATIVE,EXPOSED,50.0,81.024801,103.87795,-0.168166,98.082551,96.162144,106.153485,52.203676,2.424479,0.545856,-0.54854,52.155147,4.661233,1.498886,0.030203,0.005143,0.130546,FAIL
S00484,L0024,T01,484,NEGATIVE,EXPOSED,50.0,75.050221,96.218232,-0.062899,100.032,95.641458,108.254467,51.180329,2.330364,-0.337606,-0.937479,49.021745,3.457936,1.950787,0.073774,0.011417,0.073596,FAIL
S00613,L0030,T01,613,NEGATIVE,EXPOSED,50.0,84.20877,107.959961,0.121477,96.886338,101.385544,106.174987,52.692592,2.399556,-0.179511,-0.329318,51.625067,3.885279,1.660448,0.0,0.020944,0.075028,FAIL
S00388,L0019,T01,388,NEGATIVE,EXPOSED,50.0,81.765528,104.8276,0.049033,116.08098,98.292266,108.767858,50.928059,2.413318,-0.280823,-0.035577,51.074957,2.608007,2.124734,0.014961,0.036754,0.03694,PASS
S00737,L0036,T01,737,POSITIVE,UNEXPOSED,50.0,106.079162,106.079162,-0.181471,101.563422,97.881704,105.567063,52.637507,2.442848,0.618778,-0.466919,49.153801,5.189199,2.343265,0.0,0.037173,0.271415,FAIL
S00123,L0006,T02,123,NEGATIVE,EXPOSED,50.0,82.727806,106.06129,0.124164,111.353791,95.18386,100.057566,47.850574,2.444127,0.409413,0.099001,53.125243,3.747196,2.824203,0.026461,0.029197,0.130733,FAIL
S00783,L0039,T03,783,POSITIVE,UNEXPOSED,50.0,108.361226,108.361226,0.061025,97.100712,96.640388,109.144791,45.615468,2.403755,0.090104,0.56169,50.607389,3.111127,1.728865,0.193791,0.031053,0.046159,PASS
S00335,L0016,T02,335,POSITIVE,UNEXPOSED,50.0,87.437989,87.437989,0.193121,109.60278,95.405287,108.316848,41.450544,2.323652,-0.379395,0.170275,58.629102,4.788935,1.557802,0.902035,0.012143,0.66895,FAIL
S00669,L0033,T02,669,NEGATIVE,EXPOSED,50.0,72.730039,93.243639,-0.155126,101.174634,97.308892,105.355356,50.069482,2.396026,-0.409354,-0.515426,49.510376,4.384299,1.7108,0.208558,0.002279,0.179058,FAIL
S00641,L0032,T01,641,POSITIVE,UNEXPOSED,50.0,96.613301,96.613301,0.046746,80.931453,97.391669,107.88205,52.817958,2.350563,0.604927,-0.666076,49.16403,3.286602,1.473268,0.09091,0.040282,0.056208,FAIL
S00597,L0029,T01,597,POSITIVE,UNEXPOSED,50.0,113.330252,113.330252,-0.018847,107.177855,98.473393,109.783991,50.825888,2.428004,-0.220028,0.31635,44.596499,1.606991,1.562971,0.005602,0.059445,0.012247,FAIL
S00522,L0026,T01,522,POSITIVE,UNEXPOSED,50.0,98.816469,98.816469,0.002828,94.556995,102.105247,109.409832,50.646903,2.32186,-0.871585,0.131366,49.193764,2.028135,1.329206,0.102809,0.043825,0.019311,PASS
S00003,L0000,T03,3,POSITIVE,UNEXPOSED,50.0,101.924096,101.924096,0.022224,87.337352,96.963819,111.152434,53.520305,2.37385,0.216082,-0.056449,49.848636,2.201815,1.333324,0.041648,0.013998,0.017575,PASS
S00731,L0036,T02,731,POSITIVE,UNEXPOSED,50.0,99.078915,99.078915,0.008102,104.733902,98.521056,109.423584,47.861711,2.457708,0.84893,0.385542,51.347851,2.372444,1.203155,0.208413,0.007532,0.029332,PASS
S00740,L0037,T02,740,POSITIVE,UNEXPOSED,50.0,88.949443,88.949443,0.126303,107.983102,99.64243,106.01182,39.897814,2.401514,-0.779728,-0.262058,58.159657,4.425893,2.357918,0.901717,0.0,0.690759,FAIL
S00276,L0013,T01,276,POSITIVE,UNEXPOSED,50.0,108.99676,108.99676,0.06892,77.464835,102.126607,109.424852,43.001822,2.382158,0.760936,-0.012749,44.408423,3.76214,1.246927,0.023852,0.004166,0.056297,FAIL
S00312,L0015,T03,312,POSITIVE,UNEXPOSED,50.0,101.86271,101.86271,-0.014099,102.872768,95.168059,111.980969,46.419472,2.498323,-0.992135,-0.092135,52.310767,2.626623,1.417759,0.136129,0.032645,0.035406,PASS
S00770,L0038,T02,770,POSITIVE,UNEXPOSED,50.0,105.080907,105.080907,-0.012323,111.090795,97.996786,109.858152,49.638835,2.436144,0.464503,0.307529,49.769884,2.394565,1.43119,0.054695,0.04417,0.024271,PASS
S00236,L0011,T03,236,POSITIVE,UNEXPOSED,50.0,102.91008,102.91008,0.012225,114.434661,97.82675,108.671066,40.788199,2.371671,-0.735232,-0.269549,53.316984,2.257579,1.392342,0.331063,0.0,0.040376,FAIL
S00464,L0023,T01,464,POSITIVE,UNEXPOSED,50.0,111.565002,111.565002,-0.05214,98.505296,95.6975,111.602616,51.094718,2.379861,0.622439,0.494,46.46539,2.320543,1.673311,0.011031,0.04231,0.022965,FAIL
S00665,L0033,T01,665,POSITIVE,UNEXPOSED,50.0,91.592728,91.592728,-0.046962,119.35292,95.940755,106.040391,51.741262,2.313296,0.541656,-0.08689,50.713013,2.539551,2.306497,0.49235,0.058639,0.138521,FAIL
S00002,L0000,T02,2,NEGATIVE,EXPOSED,50.0,77.767241,99.701592,0.01674,103.641421,98.144118,108.038414,56.738003,2.444863,-0.705581,-0.824044,49.879289,2.68498,1.392394,0.041585,0.020086,0.02751,PASS
S00127,L0006,T01,127,POSITIVE,UNEXPOSED,50.0,100.454963,100.454963,-0.060177,85.038691,95.20273,113.843625,51.217873,2.442344,-0.415701,-0.207589,47.40361,2.998158,2.008102,0.046638,0.021389,0.050066,PASS
S00098,L0004,T02,98,NEGATIVE,EXPOSED,50.0,86.371138,110.732229,-0.00142,91.265074,95.066177,102.805468,51.97816,2.389948,-0.666826,0.006232,53.056681,2.435887,1.67083,0.0,0.007685,0.022503,FAIL
S00261,L0013,T01,261,POSITIVE,UNEXPOSED,50.0,99.909376,99.909376,-0.072434,93.998521,98.779865,108.670039,45.311486,2.380731,0.124616,-0.67694,48.620462,3.512067,1.25544,0.192195,0.01983,0.074707,FAIL
S00722,L0036,T01,722,NEGATIVE,EXPOSED,50.0,80.447925,103.138366,-0.002197,92.506645,97.235223,102.993283,57.656989,2.45468,0.880773,0.618359,51.618294,2.805408,1.733947,0.027639,0.029799,0.035921,PASS
S00009,L0000,T01,9,POSITIVE,UNEXPOSED,50.0,109.717705,109.717705,-0.069192,94.726698,98.675045,108.996529,41.402559,2.39378,0.85186,-0.987912,46.764392,4.053825,1.640611,0.037535,0.016916,0.092413,FAIL
S00461,L0023,T01,461,NEGATIVE,EXPOSED,50.0,82.935485,106.327544,0.040123,93.30743,98.527336,104.883167,57.358675,2.467637,-0.774687,-0.890044,51.410545,3.234577,1.428556,0.01964,0.019541,0.041445,FAIL
S00053,L0002,T01,53,NEGATIVE,EXPOSED,50.0,82.017418,105.150536,0.044574,102.28786,96.860353,104.928087,49.677847,2.3524,0.535926,-0.150773,50.755562,2.234168,1.117385,0.006999,0.001091,0.014146,PASS
S00604,L0030,T03,604,NEGATIVE,EXPOSED,50.0,74.665745,95.725314,-0.093565,109.863143,100.602438,106.786806,54.34671,2.348485,-0.368099,-0.883566,52.556367,3.934824,1.630509,0.12547,0.032765,0.108574,FAIL
S00675,L0033,T03,675,POSITIVE,UNEXPOSED,50.0,106.210881,106.210881,-0.119293,108.078455,98.432511,111.347207,44.329717,2.373526,0.889834,-0.023304,50.008326,4.133617,1.652213,0.08959,0.010596,0.11102,FAIL
S00371,L0018,T01,371,POSITIVE,UNEXPOSED,50.0,105.249778,105.249778,0.030596,100.501331,97.101923,110.738518,59.812374,2.493081,0.858541,-0.974631,48.237022,3.180178,1.298028,0.008383,0.028138,0.041016,PASS
S00069,L0003,T01,69,POSITIVE,UNEXPOSED,50.0,98.561337,98.561337,0.030392,97.16263,98.080643,108.917746,55.034964,2.300673,0.022515,0.689021,48.908251,2.903426,1.267133,0.044465,0.037633,0.032402,PASS
S00126,L0006,T02,126,POSITIVE,UNEXPOSED,50.0,111.061421,111.061421,0.037403,125.780294,92.976102,110.896557,51.978913,2.33399,0.938896,-0.506258,48.264141,3.350709,1.518767,0.027513,0.113089,0.060835,FAIL
S00429,L0021,T03,429,POSITIVE,UNEXPOSED,50.0,104.33698,104.33698,0.044612,91.922223,97.303889,111.245421,59.016337,2.331358,-0.35263,-0.23158,50.311417,2.744566,1.429096,0.008644,0.062989,0.029903,PASS
S00781,L0039,T01,781,POSITIVE,UNEXPOSED,50.0,95.398754,95.398754,-0.103394,88.96007,98.55972,108.510422,57.496395,2.381385,-0.779062,-0.522684,48.464229,4.237193,1.684416,0.055195,0.017322,0.113638,FAIL
S00626,L0031,T01,626,POSITIVE,UNEXPOSED,50.0,98.845687,98.845687,0.048645,121.491729,95.154917,113.418096,38.214311,2.399201,0.882694,0.436892,51.559376,3.86014,1.683034,0.672946,0.007139,0.338247,FAIL
S00681,L0034,T02,681,NEGATIVE,EXPOSED,50.0,79.782665,102.285468,-0.083554,108.810562,94.766607,103.52234,59.548145,2.343721,-0.653717,0.51676,50.880493,3.226356,1.459591,0.028367,0.056943,0.04684,FAIL
S00470,L0023,T01,470,NEGATIVE,EXPOSED,50.0,82.967928,104.939279,-0.021379,100.456665,96.802803,104.02753,43.931648,2.442643,0.201398,0.283596,50.524363,2.18323,1.419332,0.031703,0.0,0.017043,PASS
S00736,L0036,T01,736,NEGATIVE,EXPOSED,50.0,82.917464,106.304441,0.053412,95.41526,99.579036,99.757435,48.542405,2.473968,0.509771,-0.067846,50.468979,3.05195,2.764065,0.001486,0.0,0.065287,PASS
S00690,L0034,T01,690,POSITIVE,UNEXPOSED,50.0,102.071586,102.071586,0.113492,87.143178,98.903648,104.098667,58.926899,2.318294,-0.479972,-0.475126,48.223048,3.965217,2.843222,0.0,0.064522,0.156502,FAIL
S00793,L0039,T03,793,POSITIVE,UNEXPOSED,50.0,99.872774,99.872774,-0.05345,79.175663,98.872553,109.497988,48.021937,2.463643,-0.948594,-0.328781,51.942059,3.644749,1.42145,0.046562,0.012156,0.060688,FAIL
S00141,L0007,T03,141,POSITIVE,UNEXPOSED,50.0,97.303354,100.697927,0.004376,97.616991,97.772529,111.794067,43.024259,2.461556,0.564573,0.377919,54.578668,2.181245,1.268233,0.383169,0.004878,0.041354,FAIL
S00140,L0007,T01,140,POSITIVE,UNEXPOSED,50.0,87.65133,87.65133,-0.017575,89.70204,97.713693,112.42506,53.373891,2.435675,0.771222,0.199148,51.888893,2.728802,1.852108,0.371418,0.01763,0.086447,FAIL
S00633,L0031,T03,633,POSITIVE,UNEXPOSED,50.0,105.85683,105.85683,0.061288,117.780228,96.96902,110.09741,49.537417,2.423576,0.258734,-0.295352,48.552896,2.706166,1.248588,0.057971,0.055402,0.029535,PASS
S00531,L0026,T01,531,POSITIVE,UNEXPOSED,50.0,93.875967,93.875967,0.147507,99.17289,99.43454,112.856002,48.740988,2.370576,0.724157,0.180514,51.367085,4.455788,1.596871,0.342066,0.010972,0.24433,FAIL
S00764,L0038,T01,764,NEGATIVE,EXPOSED,50.0,87.300555,111.923788,-0.01436,110.765878,97.475929,105.644443,48.099913,2.476887,0.780988,-0.761605,51.589756,2.66258,1.633135,0.0,0.000311,0.02614,PASS
S00632,L0031,T01,632,POSITIVE,UNEXPOSED,50.0,99.446679,99.446679,0.072856,115.037884,96.954922,108.994383,48.546486,2.377896,0.625503,0.368237,50.769399,2.998179,1.251491,0.218527,0.021637,0.053289,PASS
S00295,L0014,T03,295,POSITIVE,UNEXPOSED,50.0,103.715249,103.715249,-0.007373,110.640346,98.089556,109.871135,56.538051,2.41209,-0.619902,-0.039159,51.616274,1.846273,1.469582,0.045485,0.045863,0.015362,PASS
S00214,L0010,T01,214,POSITIVE,UNEXPOSED,50.0,98.148332,98.148332,0.096517,98.509402,94.93952,109.850724,42.895469,2.447746,-0.199508,-0.345354,49.979359,3.075037,1.326915,0.343493,0.011443,0.07973,FAIL
S00393,L0019,T02,393,POSITIVE,UNEXPOSED,50.0,104.630097,104.630097,0.044557,103.120926,100.092605,109.818312,57.33879,2.273077,-0.00402,0.815416,51.852581,2.561048,1.478828,0.0,0.061549,0.025684,PASS
S00463,L0023,T01,463,POSITIVE,UNEXPOSED,50.0,111.076577,111.076577,0.018425,93.598995,100.252375,109.735337,36.476749,2.367542,0.592588,0.204818,43.910374,2.617218,1.619272,0.104098,0.038734,0.036388,FAIL
S00399,L0019,T02,399,POSITIVE,UNEXPOSED,50.0,90.856408,90.856408,0.041476,98.373903,94.938776,114.087543,46.347643,2.404851,0.648176,0.175179,54.727736,2.227966,2.190831,0.553642,0.020826,0.111154,FAIL
S00219,L0010,T01,219,POSITIVE,UNEXPOSED,50.0,102.41662,102.41662,0.159272,93.479522,98.641714,111.03655,43.8057,2.372322,0.059316,0.159005,50.065572,4.782123,1.041103,0.128425,0.025735,0.152044,FAIL
S00655,L0032,T02,655,NEGATIVE,EXPOSED,50.0,72.086226,92.418238,-0.0597,100.000002,97.670518,102.159277,55.379355,2.380732,-0.344192,0.32169,46.116535,2.79258,1.734878,0.241767,0.031417,0.063172,FAIL
S00247,L0012,T02,247,NEGATIVE,EXPOSED,50.0,70.450842,101.125012,0.016604,90.891495,101.224921,106.125599,50.194724,2.344005,-0.883551,-0.727632,48.822825,2.995739,1.617743,0.250351,0.018394,0.069339,FAIL
S00389,L0019,T01,389,POSITIVE,UNEXPOSED,50.0,97.27471,97.27471,-0.048357,102.9451,103.244947,111.34763,39.699533,2.435024,-0.464876,0.025811,51.264851,2.434031,1.538345,0.535542,0.013256,0.088481,FAIL
S00249,L0012,T01,249,POSITIVE,UNEXPOSED,50.0,104.808402,104.808402,0.120234,87.80393,99.020214,106.275635,44.466283,2.366957,0.11206,0.691158,47.760848,4.577101,2.116671,0.087753,0.0,0.18549,FAIL
S00370,L0018,T01,370,NEGATIVE,EXPOSED,50.0,82.335912,105.558861,-0.013495,105.963305,98.743399,105.023028,59.370597,2.437547,0.319612,0.398828,51.211695,1.966375,1.757388,0.020034,0.042384,0.018344,PASS
S00486,L0024,T01,486,POSITIVE,UNEXPOSED,50.0,92.228589,92.228589,0.07377,87.894869,93.369966,113.515905,42.247273,2.363707,0.678112,-0.678871,53.190496,3.942859,1.72619,0.563629,0.0,0.288844,FAIL
S00418,L0020,T01,418,POSITIVE,UNEXPOSED,50.0,98.050524,98.050524,-0.040658,121.627312,98.866288,109.445203,45.229075,2.360269,0.841191,-0.621315,50.895057,3.19671,1.188266,0.451658,0.041063,0.114868,FAIL
S00111,L0005,T01,111,POSITIVE,UNEXPOSED,50.0,86.126705,86.126705,0.081427,100.385795,95.075143,113.387555,53.725326,2.302145,0.227151,0.015167,52.687123,2.702098,2.073372,0.499254,0.035531,0.135156,FAIL
S00754,L0037,T01,754,NEGATIVE,EXPOSED,50.0,79.943569,102.491755,0.001271,91.000026,96.747798,107.74441,52.138445,2.33648,-0.535792,-0.860062,49.398447,2.696985,1.74301,0.007441,0.035663,0.03171,PASS
S00452,L0022,T01,452,POSITIVE,UNEXPOSED,50.0,106.779921,106.779921,0.028921,93.163345,101.537581,111.966554,45.447525,2.376513,-0.406142,-0.605468,47.864008,2.315931,1.654179,0.067168,0.02454,0.025278,PASS
S00527,L0026,T02,527,NEGATIVE,EXPOSED,50.0,87.025252,111.570836,-0.073992,106.018452,100.981161,106.736961,58.651626,2.335483,-0.207752,0.340696,56.070189,2.606174,1.493158,0.011362,0.034361,0.025937,FAIL
S00638,L0031,T01,638,NEGATIVE,EXPOSED,50.0,80.576108,103.302702,0.020908,95.321418,96.972879,102.54027,44.622947,2.343675,-0.82499,0.241086,48.958793,3.26494,1.579376,0.017006,0.006342,0.044249,FAIL
S00092,L0004,T02,92,POSITIVE,UNEXPOSED,50.0,101.083202,101.083202,0.107858,102.53279,95.235236,109.375285,54.297064,2.494696,0.110614,-0.259494,49.509339,3.247423,1.31252,0.054167,0.042747,0.045683,FAIL
S00353,L0017,T01,353,POSITIVE,UNEXPOSED,50.0,93.373219,93.373219,-0.023168,92.483717,94.486741,111.066478,49.674708,2.485247,-0.696446,-0.404275,49.95106,2.327624,1.461398,0.240919,0.033425,0.037702,PASS
S00321,L0016,T03,321,POSITIVE,UNEXPOSED,50.0,110.416092,110.416092,-0.038452,98.544102,98.498852,109.307813,48.841194,2.407571,-0.728736,0.796492,48.612285,2.730765,1.460067,0.02246,0.034486,0.029122,PASS
S00165,L0008,T01,165,POSITIVE,UNEXPOSED,50.0,87.472049,87.472049,0.122101,89.546363,100.548314,111.570043,49.552616,2.368984,-0.152814,0.549046,52.836344,4.796852,1.703379,0.53073,0.01214,0.437966,FAIL
S00620,L0031,T01,620,POSITIVE,UNEXPOSED,50.0,99.767065,99.767065,0.020908,105.963534,94.801237,112.523522,40.94979,2.494461,-0.32227,-0.342864,49.791307,2.229077,1.497756,0.392475,0.006023,0.049853,FAIL
S00166,L0008,T02,166,POSITIVE,UNEXPOSED,50.0,113.02666,113.02666,-0.010799,95.764966,101.265309,104.402528,37.753244,2.336168,0.249162,0.74022,45.20606,1.992412,3.154645,0.041168,0.0,0.037829,FAIL
S00216,L0010,T03,216,POSITIVE,UNEXPOSED,50.0,100.365742,100.365742,-0.073179,109.046895,99.361574,110.783864,47.858095,2.375939,-0.789871,-0.505239,52.933621,3.297747,1.016429,0.152447,0.01216,0.049237,FAIL
S00397,L0019,T01,397,POSITIVE,UNEXPOSED,50.0,109.455537,109.455537,-0.012481,106.120082,99.546682,113.837105,55.15293,2.433295,0.268275,-0.376403,46.363206,1.694945,2.315557,0.004619,0.062746,0.019919,FAIL
S00772,L0038,T03,772,NEGATIVE,EXPOSED,50.0,81.192398,104.092818,-0.034958,96.458046,100.345014,104.628609,49.450053,2.323191,-0.308141,0.922736,53.806791,2.886115,1.35344,0.005628,0.007582,0.027985,FAIL
S00037,L0001,T01,37,POSITIVE,UNEXPOSED,50.0,104.01522,104.01522,0.039676,96.073766,98.957141,110.707731,61.617404,2.306495,0.003904,0.725895,46.795917,2.896262,1.09488,0.00113,0.096812,0.030155,FAIL
S00552,L0027,T01,552,POSITIVE,UNEXPOSED,50.0,92.836839,92.836839,0.083259,104.714372,94.134762,113.053258,47.659357,2.42144,0.034429,-0.178174,51.162918,2.753872,1.990548,0.479294,0.022106,0.124868,FAIL
S00723,L0036,T01,723,POSITIVE,UNEXPOSED,50.0,100.163291,100.163291,-0.101697,95.046373,99.346066,107.616605,56.288474,2.445705,-0.088841,0.621781,50.249964,3.691401,1.607493,0.039952,0.032766,0.071465,FAIL
S00224,L0011,T02,224,POSITIVE,UNEXPOSED,50.0,105.286982,105.286982,0.170483,109.404396,97.232523,112.427328,58.961135,2.337872,0.621632,-0.413642,49.231734,4.778329,1.725999,0.003834,0.088536,0.176965,FAIL
S00189,L0009,T01,189,POSITIVE,UNEXPOSED,50.0,111.122707,111.122707,-0.007733,102.806677,95.932503,108.390226,44.564892,2.301475,0.290729,0.99798,44.075536,2.547728,1.755921,0.017778,0.041169,0.029427,FAIL
S00652,L0032,T01,652,POSITIVE,UNEXPOSED,50.0,104.672797,104.672797,0.020921,101.658049,103.04855,111.989773,55.690997,2.347153,-0.883395,0.409234,47.768792,2.529089,1.799478,0.018601,0.06825,0.031742,PASS
S00409,L0020,T02,409,POSITIVE,UNEXPOSED,50.0,87.820091,87.820091,0.071928,99.90869,93.497263,108.508522,58.587673,2.321953,0.654692,0.263278,51.717613,2.94952,1.775272,0.247036,0.044837,0.07637,PASS
S00381,L0019,T01,381,NEGATIVE,EXPOSED,50.0,74.697436,95.765943,-0.014839,106.862908,96.663378,108.753201,54.588906,2.27959,0.577953,0.635314,45.289147,2.210489,1.943698,0.089244,0.041394,0.029925,FAIL
S00687,L0034,T03,687,POSITIVE,UNEXPOSED,50.0,93.818202,93.818202,-0.050992,94.443418,97.016051,111.696261,49.375282,2.3905,-0.189641,-0.187061,53.668396,2.778183,1.142917,0.274406,0.018474,0.048549,FAIL
S00408,L0020,T01,408,POSITIVE,UNEXPOSED,50.0,91.020735,91.020735,-0.061948,92.299443,101.14748,111.62176,47.732719,2.34683,-0.14936,0.008521,52.189723,2.992669,1.733379,0.453362,0.025419,0.124563,FAIL
S00155,L0007,T03,155,POSITIVE,UNEXPOSED,50.0,105.532838,105.532838,0.061225,78.773181,96.010263,107.643577,49.265139,2.399978,-0.881857,-0.64353,50.221419,4.178671,1.1685,0.047555,0.016796,0.08239,FAIL
S00687,L0034,T03,687,POSITIVE,UNEXPOSED,50.0,93.818202,93.818202,-0.050992,94.443418,97.016051,111.696261,49.375282,2.3905,-0.189641,-0.187061,53.668396,2.778183,1.142917,0.274406,0.018474,0.048549,FAIL
S00730,L0036,T01,730,POSITIVE,UNEXPOSED,50.0,97.45846,97.45846,-0.066875,96.89689,96.371747,107.696243,49.739206,2.345612,0.082225,-0.053443,50.747773,3.151396,1.645472,0.169374,0.024423,0.065314,PASS
S00288,L0014,T01,288,NEGATIVE,EXPOSED,50.0,71.480729,91.64196,0.030959,96.34513,95.72218,105.429518,51.744361,2.450775,0.400706,0.263924,47.504047,2.558101,1.754749,0.209902,0.003131,0.045436,PASS
S00732,L0036,T01,732,POSITIVE,UNEXPOSED,50.0,99.39153,99.39153,-0.002067,117.764616,99.272855,109.397646,58.263334,2.403571,0.617012,-0.665015,48.958072,2.206354,1.096404,0.038379,0.107688,0.019362,PASS
S00751,L0037,T02,751,POSITIVE,UNEXPOSED,50.0,85.556619,85.556619,0.060001,103.558981,96.333259,112.611192,55.995331,2.420102,0.205769,0.018052,51.328298,2.90459,1.824799,0.475843,0.026503,0.129111,FAIL
S00501,L0025,T01,501,NEGATIVE,EXPOSED,50.0,71.539357,91.717124,0.063741,104.536157,98.492142,104.936057,54.140748,2.39487,0.434556,-0.864427,45.639934,3.349546,1.562379,0.232977,0.055172,0.092515,FAIL
S00767,L0038,T03,767,POSITIVE,UNEXPOSED,50.0,87.18649,87.18649,0.068384,88.549434,97.914701,108.177329,50.232422,2.4575,-0.536157,0.868335,55.561654,3.486955,1.757029,0.526778,0.013736,0.207443,FAIL
S00481,L0024,T02,481,NEGATIVE,EXPOSED,50.0,82.962688,106.36242,0.026337,100.124535,101.23376,108.543562,56.724167,2.356163,-0.1777,0.069186,54.041301,2.460582,2.189951,0.029821,0.025613,0.03434,FAIL
S00710,L0035,T02,710,POSITIVE,UNEXPOSED,50.0,100.686213,100.686213,-0.039603,117.389453,104.006807,111.628043,50.905751,2.361083,0.936177,0.423878,51.97633,3.026558,1.640593,0.162267,0.03468,0.059298,PASS
S00591,L0029,T01,591,POSITIVE,UNEXPOSED,50.0,97.002463,97.002463,0.064675,105.815429,98.649246,111.985241,39.26755,2.397072,0.834652,-0.729624,52.436036,2.88508,1.640869,0.582261,0.001988,0.143085,FAIL
S00268,L0013,T01,268,POSITIVE,UNEXPOSED,50.0,102.955491,102.955491,-0.069296,93.750641,103.392812,111.49718,54.82111,2.317248,-0.075124,-0.877435,48.084064,3.585793,1.447573,0.0,0.033288,0.054542,FAIL
S00212,L0010,T02,212,NEGATIVE,EXPOSED,50.0,78.213836,100.274149,-0.009759,80.859629,102.144941,103.893285,55.434834,2.357768,0.106457,-0.370771,48.755884,2.347729,1.195788,0.017771,0.011057,0.017135,PASS
S00703,L0035,T03,703,POSITIVE,UNEXPOSED,50.0,109.090269,109.090269,-0.031678,110.794353,101.769291,110.187823,45.743767,2.411128,-0.073742,0.321094,49.9273,2.169476,1.399682,0.073444,0.024657,0.019863,PASS
S00277,L0013,T01,277,POSITIVE,UNEXPOSED,50.0,99.926268,99.926268,-0.096735,81.609166,97.036645,106.043831,53.272053,2.479365,0.971,-0.372633,49.681398,4.174032,2.138619,0.036017,0.017568,0.128861,FAIL
S00143,L0007,T01,143,POSITIVE,UNEXPOSED,50.0,97.346787,97.346787,-0.09075,106.948311,95.903258,106.493229,40.280068,2.307623,0.34584,-0.798801,52.481996,3.870808,1.889065,0.545574,0.036547,0.303254,FAIL
S00462,L0023,T03,462,POSITIVE,UNEXPOSED,50.0,105.837047,105.837047,-0.009145,93.950472,97.745954,111.149071,49.328092,2.285298,-0.782301,-0.554341,49.642391,2.599377,1.212402,0.036327,0.025131,0.023222,PASS
S00348,L0017,T01,348,POSITIVE,UNEXPOSED,50.0,109.641353,109.641353,-0.00243,109.489055,99.351129,111.684048,42.339581,2.510131,-0.446338,0.653635,45.083578,1.400879,1.806164,0.074436,0.042691,0.013644,FAIL
S00716,L0035,T01,716,POSITIVE,UNEXPOSED,50.0,86.346606,86.346606,-0.067948,86.075098,100.595423,114.755653,43.271366,2.338675,-0.415432,-0.19437,55.155365,3.333528,2.32544,0.777876,0.004286,0.382549,FAIL
S00511,L0025,T01,511,NEGATIVE,EXPOSED,50.0,75.961577,97.386637,-0.065642,104.461757,94.314854,104.472852,4.772953,2.357888,-0.535184,0.241026,47.930891,2.68537,1.56453,0.102099,0.019687,0.035508,PASS
S00334,L0016,T01,334,POSITIVE,UNEXPOSED,50.0,108.317989,108.317989,-0.02114,87.449112,100.203098,109.101534,54.272458,2.430544,-0.124878,0.925276,46.708498,3.029999,1.809492,0.0,0.035971,0.042316,FAIL
S00587,L0029,T01,587,POSITIVE,UNEXPOSED,50.0,83.271377,83.271377,0.105319,85.467006,98.869078,110.118831,44.215529,2.327538,0.922593,0.81837,56.961888,5.040859,2.023173,0.823181,0.020235,0.725711,FAIL
S00139,L0006,T02,139,POSITIVE,UNEXPOSED,50.0,105.315189,105.315189,-0.06363,108.93742,102.654945,108.514164,39.382838,2.324801,0.841622,-0.706285,50.367519,3.405503,1.3556,0.234081,0.004348,0.077741,FAIL
S00056,L0002,T01,56,NEGATIVE,EXPOSED,50.0,73.460899,94.18064,0.062251,91.653791,98.405113,101.452991,47.302691,2.408035,0.775964,-0.60848,47.240896,3.641997,1.914438,0.198903,0.0,0.111607,FAIL
S00416,L0020,T03,416,POSITIVE,UNEXPOSED,50.0,105.11507,105.11507,0.01334,103.438316,100.063009,107.788298,43.303447,2.345886,0.667522,-0.507536,50.880163,2.617929,1.753512,0.142247,0.0,0.039467,PASS
S00029,L0001,T02,29,NEGATIVE,EXPOSED,50.0,84.22456,107.980205,-0.101296,84.98468,100.50856,103.764085,52.826319,2.27344,-0.96496,0.186694,54.006231,4.782507,1.781301,0.018024,0.0,0.156476,FAIL
S00671,L0033,T03,671,NEGATIVE,EXPOSED,50.0,80.855369,103.66073,-0.001804,90.43678,91.784911,102.290021,52.382902,2.374757,-0.37767,-0.72795,51.185298,2.589473,1.494889,0.015652,0.022503,0.025168,PASS
S00263,L0013,T03,263,POSITIVE,UNEXPOSED,50.0,107.88673,107.88673,0.034138,102.371308,99.046983,105.166174,46.999065,2.379761,-0.624617,-0.338565,50.164143,2.482874,2.2412,0.034406,0.007686,0.034846,PASS
S00532,L0026,T03,532,POSITIVE,UNEXPOSED,50.0,94.770667,94.770667,-0.006577,78.495175,96.015106,110.334813,47.407371,2.327723,-0.570585,-0.278599,53.718231,2.304579,1.384685,0.202089,0.004158,0.029792,FAIL
S00758,L0037,T01,758,POSITIVE,UNEXPOSED,50.0,98.620069,98.620069,0.08125,76.617911,99.277834,109.579243,46.366122,2.404175,0.667249,-0.656523,50.595931,3.779772,1.136206,0.106923,0.003909,0.067037,FAIL
S00728,L0036,T02,728,NEGATIVE,EXPOSED,50.0,81.472851,104.452373,0.016984,112.870291,98.757505,107.165981,44.461218,2.417857,0.184378,-0.727522,52.22415,2.02596,1.636701,0.04722,0.007763,0.017878,PASS
S00601,L0030,T01,601,POSITIVE,UNEXPOSED,50.0,106.328286,106.328286,-0.020761,118.555002,97.789002,106.780408,41.28661,2.468276,-0.778266,-0.470697,48.777039,2.498343,1.953315,0.224284,0.026753,0.05279,PASS
S00430,L0021,T02,430,NEGATIVE,EXPOSED,50.0,69.4856,89.084103,0.04137,96.239147,100.495215,107.252082,64.087539,2.437784,0.853483,-0.965419,45.565866,3.475302,2.051361,0.304566,0.06541,0.156906,FAIL
S00153,L0007,T01,153,POSITIVE,UNEXPOSED,50.0,105.475114,105.475114,0.036344,108.428805,94.277938,107.108265,54.943956,2.351097,-0.962463,-0.504407,46.645548,3.251911,1.90003,0.0,0.079916,0.058908,FAIL
S00610,L0030,T01,610,POSITIVE,UNEXPOSED,50.0,103.704949,103.704949,-0.036859,104.828095,103.317828,106.033908,47.12066,2.385266,0.868764,-0.554029,47.955191,2.981773,2.082224,0.08204,0.031641,0.057788,PASS
S00664,L0033,T01,664,POSITIVE,UNEXPOSED,50.0,89.577443,89.577443,-0.024404,109.604888,99.63331,110.799767,39.616986,2.360225,0.374842,0.030988,53.403204,2.157119,1.520016,0.894366,0.001888,0.167773,FAIL
S00060,L0003,T01,60,POSITIVE,UNEXPOSED,50.0,108.777836,108.777836,0.011964,97.023567,93.822731,109.359941,52.741549,2.390322,0.130664,0.741695,46.53503,2.428583,1.499523,0.024035,0.047452,0.024009,FAIL
S00293,L0014,T01,293,POSITIVE,UNEXPOSED,50.0,100.118896,100.118896,-0.016696,103.542119,100.800365,110.31822,50.643996,2.303957,0.019108,0.568095,49.007882,1.629295,1.06508,0.116238,0.036961,0.012231,PASS
S00712,L0035,T02,712,POSITIVE,UNEXPOSED,50.0,101.938279,101.938279,-0.160181,100.144413,97.591279,112.408989,46.459895,2.277827,0.73234,0.636328,51.623683,4.787017,1.63276,0.11733,0.003387,0.186029,FAIL
S00320,L0016,T01,320,POSITIVE,UNEXPOSED,50.0,98.106313,98.106313,0.011801,89.246087,94.855924,104.479611,58.064845,2.479373,-0.493023,-0.277519,48.008504,4.802822,2.496361,0.014507,0.057749,0.242392,FAIL
S00491,L0024,T01,491,NEGATIVE,EXPOSED,50.0,74.145751,95.058656,-0.03176,104.472595,99.625175,107.280323,58.337668,2.406282,-0.68134,0.738668,47.590814,2.224735,1.422165,0.148944,0.045757,0.027243,PASS
S00231,L0011,T01,231,POSITIVE,UNEXPOSED,50.0,92.343308,92.343308,-0.187316,111.168304,97.408806,110.181933,42.212097,2.445212,-0.860775,0.379403,54.21425,5.073887,1.567444,0.736615,0.030965,0.63061,FAIL
S00541,L0027,T01,541,NEGATIVE,EXPOSED,50.0,64.897671,83.202143,0.020756,99.200036,95.227539,105.253637,47.923913,2.392699,0.378396,-0.127314,45.95733,2.316094,2.328599,0.474074,0.030727,0.106561,FAIL
S00459,L0022,T02,459,POSITIVE,UNEXPOSED,50.0,106.121478,106.121478,0.022343,117.152972,96.021079,109.05458,59.299009,2.425721,0.789255,-0.332246,48.903923,2.8379,1.387808,0.01422,0.104302,0.035437,PASS
S00302,L0015,T01,302,NEGATIVE,EXPOSED,50.0,70.771627,90.732855,-0.00618,100.503099,97.090902,106.082274,56.309635,2.345777,-0.089222,0.631875,46.415077,1.655559,1.529771,0.250957,0.03436,0.023139,FAIL
S00614,L0030,T01,614,POSITIVE,UNEXPOSED,50.0,100.310532,100.310532,-0.001558,76.770158,95.738573,106.754043,51.011432,2.36467,0.78047,0.811333,49.660595,3.268455,1.543713,0.05278,0.023636,0.049931,FAIL
S00725,L0036,T02,725,POSITIVE,UNEXPOSED,50.0,108.442396,108.442396,0.07103,100.032938,99.867534,113.348572,46.432974,2.393524,-0.117654,-0.945242,49.814813,3.113708,1.706033,0.037907,0.011849,0.044819,PASS
S00718,L0035,T01,718,NEGATIVE,EXPOSED,50.0,86.395995,110.764097,-0.000185,103.074637,101.637683,102.756448,57.327686,2.335036,0.787688,-0.337618,54.450916,2.238326,1.968938,0.0,0.022215,0.023226,FAIL
S00125,L0006,T02,125,POSITIVE,UNEXPOSED,50.0,105.082767,105.082767,0.038454,106.665521,99.456977,111.679645,41.659214,2.440489,0.441355,0.092365,50.247506,2.059821,1.499908,0.178646,0.009309,0.024585,PASS
S00460,L0023,T01,460,POSITIVE,UNEXPOSED,50.0,90.804022,90.804022,0.128845,90.418169,97.260404,107.805492,45.124411,2.366252,0.770492,0.628529,54.288848,4.674017,1.915206,0.533263,0.001261,0.435994,FAIL
S00526,L0026,T03,526,POSITIVE,UNEXPOSED,50.0,105.682381,105.682381,0.136576,98.437491,97.140371,111.819749,41.93156,2.387271,-0.718459,-0.720063,50.170466,5.056868,1.830383,0.111561,0.016903,0.245951,FAIL
S00118,L0005,T02,118,POSITIVE,UNEXPOSED,50.0,100.019419,100.019419,-0.046285,100.274287,97.503807,114.370144,49.017331,2.391143,-0.022836,-0.037481,49.380617,2.277621,1.791271,0.15192,0.03577,0.034091,PASS
S00022,L0001,T03,22,POSITIVE,UNEXPOSED,50.0,99.271055,104.01522,-0.062617,96.679736,95.392464,110.04716,48.605587,2.408481,0.341436,-0.62877,51.916843,2.897702,1.105858,0.133889,0.02817,0.036848,PASS
S00281,L0014,T03,281,POSITIVE,UNEXPOSED,50.0,111.990532,111.990532,-0.011636,97.289656,96.478571,111.459621,47.205583,2.34656,0.852765,0.311818,48.334268,2.626226,1.533372,0.008256,0.012229,0.025316,PASS
S00360,L0018,T02,360,POSITIVE,UNEXPOSED,50.0,88.611582,88.611582,-0.052858,110.188621,100.280249,110.869639,52.713677,2.412244,0.993431,-0.858884,55.78111,3.771952,1.562275,0.51441,0.043225,0.237547,FAIL
S00241,L0012,T01,241,POSITIVE,UNEXPOSED,50.0,100.861988,100.861988,0.148124,77.720016,101.387097,111.481205,50.194724,2.363345,0.166905,0.949835,47.898785,5.209414,1.205453,0.001615,0.029707,0.16656,FAIL
S00435,L0021,T03,435,POSITIVE,UNEXPOSED,50.0,104.060339,104.060339,-0.174088,112.403256,99.820028,110.806294,35.771163,2.339837,0.244562,-0.66192,51.746409,4.737438,1.548484,0.443886,0.001254,0.341752,FAIL
S00336,L0016,T01,336,POSITIVE,UNEXPOSED,50.0,98.498357,98.498357,0.167378,96.289973,98.989822,110.768266,47.453293,2.357436,0.091311,-0.369837,51.098362,4.787532,1.229054,0.182894,0.029631,0.190242,FAIL
S00670,L0033,T02,670,POSITIVE,UNEXPOSED,50.0,94.788277,94.788277,0.058551,98.294311,97.491822,111.521501,38.311477,2.311985,-0.766297,-0.652273,55.700449,3.63438,1.455413,0.681051,0.0,0.272226,FAIL
S00721,L0036,T01,721,NEGATIVE,EXPOSED,50.0,75.464402,96.749233,0.016524,97.084563,99.983216,102.888206,76.337237,2.40117,0.008473,-0.65136,45.847262,1.925527,1.471749,0.110472,0.219044,0.029976,FAIL
S00771,L0038,T01,771,POSITIVE,UNEXPOSED,50.0,100.691221,100.691221,0.077265,91.441856,98.045302,109.817382,48.975527,2.369244,-0.65165,0.163695,48.660803,3.326242,0.869057,0.084501,0.033857,0.040955,FAIL
S00172,L0008,T01,172,NEGATIVE,EXPOSED,50.0,82.153545,105.325057,0.010627,105.69982,95.93423,103.995656,57.480081,2.422463,-0.044079,0.429203,51.938381,2.229489,1.713446,0.000412,0.043347,0.021186,PASS
S00304,L0015,T01,304,POSITIVE,UNEXPOSED,50.0,91.931312,91.931312,-0.030943,96.976574,97.021615,112.540778,45.46816,2.366162,-0.557712,0.376415,52.326354,2.203674,1.960046,0.536415,0.007584,0.090468,FAIL
S00183,L0009,T01,183,POSITIVE,UNEXPOSED,50.0,90.99183,90.99183,-0.022738,103.221719,100.743441,114.264727,54.134934,2.398149,0.644169,-0.097767,51.041195,2.022689,2.149877,0.31415,0.061681,0.054968,FAIL
S00318,L0015,T01,318,POSITIVE,UNEXPOSED,50.0,97.981403,97.981403,-0.023878,114.11149,99.193327,112.250206,51.81377,2.433772,-0.817733,0.102772,50.28351,2.922457,1.480564,0.178536,0.043595,0.053519,PASS
S00654,L0032,T02,654,POSITIVE,UNEXPOSED,50.0,91.965468,91.965468,-0.081127,79.834061,96.416277,113.259321,52.080999,2.364412,-0.763046,0.849467,53.399166,4.280874,1.795661,0.182443,0.018745,0.16855,FAIL
S00339,L0016,T01,339,POSITIVE,UNEXPOSED,50.0,95.786033,95.786033,-0.08317,93.891973,96.66822,114.109716,55.558226,2.451591,-0.398836,0.825901,50.002348,3.577304,2.161365,0.092273,0.039212,0.100277,FAIL
S00043,L0002,T02,43,POSITIVE,UNEXPOSED,50.0,99.29301,99.29301,0.008436,113.664275,97.131039,110.454061,46.759845,2.396386,0.434131,-0.118497,51.044003,2.193477,1.072163,0.245076,0.042636,0.028386,PASS
S00562,L0028,T03,562,POSITIVE,UNEXPOSED,50.0,110.278034,110.278034,-0.036678,92.941211,95.176184,111.034478,49.510957,2.424522,-0.294657,0.997103,48.642147,2.964359,1.477997,0.016958,0.020651,0.033951,PASS
S00333,L0016,T01,333,POSITIVE,UNEXPOSED,50.0,99.920118,99.920118,0.003717,106.561921,95.33348,108.527931,49.879351,2.412975,-0.313049,0.032556,49.448185,1.410373,1.294285,0.09339,0.034066,0.010743,PASS
S00607,L0030,T01,607,NEGATIVE,EXPOSED,50.0,82.995047,106.403907,0.118742,80.079163,97.910738,105.423353,47.900512,2.36508,-0.766267,-0.549187,51.467316,4.979684,1.347622,0.0,0.018818,0.146912,FAIL
S00039,L0001,T01,39,POSITIVE,UNEXPOSED,50.0,107.848056,107.848056,0.006066,101.475733,102.36371,111.350316,42.990758,2.376349,0.027485,0.351894,46.557792,1.704373,1.763963,0.06736,0.025236,0.016152,FAIL
S00005,L0000,T02,5,NEGATIVE,EXPOSED,50.0,73.948274,94.80548,0.041639,109.44752,98.488882,108.113461,48.663027,2.391389,-0.576884,0.074695,49.03094,2.810312,1.764431,0.108049,0.055089,0.048313,PASS
S00326,L0016,T03,326,POSITIVE,UNEXPOSED,50.0,104.256262,104.256262,0.032667,116.920833,101.838813,113.583539,55.384205,2.412398,-0.905769,0.661,51.843748,2.999453,1.88714,0.047652,0.068332,0.052736,PASS
S00156,L0007,T02,156,POSITIVE,UNEXPOSED,50.0,110.992076,110.992076,0.056787,97.144237,97.284785,110.82524,40.717136,2.397301,-0.733401,0.490476,46.536416,3.167689,1.676424,0.069944,0.023584,0.051631,FAIL
S00283,L0014,T02,283,POSITIVE,UNEXPOSED,50.0,95.065001,95.065001,-0.042818,109.415233,99.391662,111.977491,45.076976,2.375338,0.380237,0.247151,53.165928,2.412487,1.927735,0.493577,0.025539,0.09768,FAIL
S00087,L0004,T01,87,POSITIVE,UNEXPOSED,50.0,98.886541,98.886541,0.043188,114.057818,99.502154,106.623855,47.703685,2.473464,-0.082678,-0.687547,49.551363,2.562146,1.731928,0.24926,0.042257,0.054886,PASS
S00100,L0005,T01,100,NEGATIVE,EXPOSED,50.0,82.474538,105.736587,-0.158296,106.960031,99.27005,110.163495,47.169756,2.402327,0.437589,0.891968,52.127208,4.53449,2.714238,0.0,0.002772,0.193735,FAIL
S00001,L0000,T01,1,POSITIVE,UNEXPOSED,50.0,94.357613,94.357613,0.054776,109.793721,101.786868,109.060764,48.663027,2.485926,-0.914336,-0.439816,51.902045,3.013673,1.453345,0.405082,0.024233,0.097596,FAIL
S00649,L0032,T02,649,NEGATIVE,EXPOSED,50.0,82.475658,105.738023,-0.076624,108.952938,100.6268,104.601779,48.892112,2.278024,0.938361,-0.518418,54.876274,3.562932,1.602586,0.041041,0.0,0.059795,FAIL
S00378,L0018,T02,378,NEGATIVE,EXPOSED,50.0,77.672733,99.580427,-0.082955,90.815849,95.812127,101.722837,45.568891,2.470034,-0.399569,-0.181951,50.333476,3.045067,1.668709,0.064065,0.012849,0.044685,PASS
S00252,L0012,T01,252,NEGATIVE,EXPOSED,50.0,87.393075,112.042403,0.058138,81.527386,99.547825,103.541942,57.29909,2.344277,0.690882,-0.598872,54.233417,3.453983,1.732872,0.0,0.053008,0.059608,FAIL
S00099,L0004,T03,99,NEGATIVE,EXPOSED,50.0,75.279329,96.51196,0.047907,107.531803,94.871882,103.698967,53.958741,2.371318,0.859904,0.166119,51.800488,3.204114,1.465425,0.144786,0.027563,0.058623,FAIL
S00755,L0037,T01,755,NEGATIVE,EXPOSED,50.0,80.243,102.875641,-0.020058,104.258636,97.552286,104.713583,58.630825,2.287816,0.959005,0.303783,50.423022,2.8238,1.482138,0.053542,0.049007,0.035841,PASS
S00330,L0016,T01,330,POSITIVE,UNEXPOSED,50.0,101.641558,101.641558,0.065596,84.549476,96.583204,113.395016,49.440637,2.3364,0.247816,0.584065,48.415289,3.822366,1.446978,0.071691,0.005924,0.074495,FAIL
S00340,L0017,T01,340,NEGATIVE,EXPOSED,50.0,80.640287,103.384983,0.035339,111.013858,100.183108,104.998754,54.217427,2.351023,-0.073455,-0.865816,49.244355,2.92155,1.527768,0.033981,0.044647,0.03734,PASS
S00178,L0008,T03,178,POSITIVE,UNEXPOSED,50.0,103.880757,103.880757,0.037479,88.35879,95.076574,112.534912,49.926672,2.392246,0.274786,0.741283,49.428906,2.784546,1.564134,0.029595,0.0,0.030178,PASS
S00424,L0021,T02,424,POSITIVE,UNEXPOSED,50.0,101.788128,101.788128,0.01059,97.916064,102.051831,112.541546,40.330535,2.452598,0.605382,0.25182,50.601224,1.786801,1.528219,0.253568,0.003382,0.024074,FAIL
S00468,L0023,T02,468,POSITIVE,UNEXPOSED,50.0,111.228441,111.228441,-0.084866,102.738712,100.611601,110.668687,55.320274,2.380995,0.886052,0.37,49.857923,3.557429,1.801419,0.000857,0.047128,0.066286,PASS
S00612,L0030,T01,612,POSITIVE,UNEXPOSED,50.0,103.950543,103.950543,0.020511,115.859946,92.663234,110.330626,41.325063,2.358837,-0.273265,0.825243,48.50327,2.8652,1.255892,0.235224,0.030907,0.051274,PASS
S00361,L0018,T03,361,POSITIVE,UNEXPOSED,50.0,100.465683,100.465683,0.013007,96.646687,94.535905,108.419887,52.62558,2.378391,-0.919033,0.932236,53.485135,2.989345,1.239146,0.078483,0.012772,0.035371,FAIL
S00726,L0036,T02,726,POSITIVE,UNEXPOSED,50.0,101.749568,101.749568,0.053577,97.305042,96.553567,107.910342,49.324758,2.301524,-0.147009,-0.987751,50.245233,3.154467,1.413919,0.076756,0.037281,0.046845,PASS
S00619,L0030,T01,619,NEGATIVE,EXPOSED,50.0,72.475533,92.91735,-0.058071,99.307062,93.380918,108.271979,66.580128,2.314103,0.443005,-0.494476,44.622136,2.903851,1.861654,0.144393,0.12171,0.070486,FAIL
S00538,L0026,T01,538,POSITIVE,UNEXPOSED,50.0,115.310857,115.310857,0.000133,116.630758,95.783966,111.795651,47.591379,2.350067,-0.463295,0.60214,44.440771,2.296675,1.91832,0.0,0.066349,0.02642,FAIL
S00785,L0039,T01,785,POSITIVE,UNEXPOSED,50.0,102.67034,102.67034,0.104381,91.303929,98.076794,112.169921,55.003998,2.346346,-0.966508,0.682425,49.645781,4.785559,1.306022,0.032288,0.033447,0.139441,FAIL
S00210,L0010,T01,210,NEGATIVE,EXPOSED,50.0,78.832494,101.0673,0.03502,84.876738,99.602484,105.263716,55.836128,2.446606,-0.133736,-0.22913,49.373319,2.422171,0.96481,0.01893,0.023351,0.016641,PASS
S00566,L0028,T03,566,POSITIVE,UNEXPOSED,50.0,98.499047,98.499047,-0.034486,91.748042,102.406308,106.054255,49.668135,2.347871,-0.317283,-0.033925,50.302522,2.182386,1.757155,0.018611,0.072136,0.02352,PASS
S00257,L0012,T02,257,POSITIVE,UNEXPOSED,50.0,101.252268,101.252268,0.099327,107.136772,94.163785,109.079886,55.32041,2.376648,0.583904,0.801273,51.100075,3.617037,1.387815,0.059159,0.034564,0.063556,FAIL
S00555,L0027,T01,555,NEGATIVE,EXPOSED,50.0,81.491327,104.47606,0.127238,101.278981,98.702786,105.318463,49.340149,2.436884,-0.748654,0.596373,49.893107,4.565674,1.52593,0.018496,0.014285,0.12213,FAIL
S00488,L0024,T01,488,POSITIVE,UNEXPOSED,50.0,105.936891,105.936891,0.096133,93.868295,99.669473,114.21108,51.180329,2.319185,-0.925975,0.938061,48.569275,4.728861,1.966538,0.028401,0.042135,0.183321,FAIL
S00372,L0018,T02,372,NEGATIVE,EXPOSED,50.0,80.381395,103.05307,0.055067,102.740683,96.32701,108.569063,54.16883,2.454881,0.566263,-0.667043,53.195824,2.661418,2.074317,0.039316,0.006843,0.037337,FAIL
S00701,L0035,T02,701,NEGATIVE,EXPOSED,50.0,77.63782,99.535666,0.011559,98.056381,94.926273,100.351452,40.007111,2.402239,0.167113,-0.132015,51.675002,1.780191,2.445926,0.088124,0.0,0.024727,PASS
S00142,L0007,T01,142,NEGATIVE,EXPOSED,50.0,78.544383,100.697927,0.10469,94.938902,98.543624,107.692189,46.952003,2.355393,0.075811,-0.507411,48.502264,4.112736,1.624677,0.019882,0.018614,0.092088,FAIL
S00209,L0010,T01,209,NEGATIVE,EXPOSED,50.0,67.309561,86.294309,-0.025427,93.332022,99.563432,102.614182,66.586321,2.409294,-0.833096,0.621822,42.23932,3.093512,2.121179,0.393976,0.10742,0.166286,FAIL
S00049,L0002,T01,49,POSITIVE,UNEXPOSED,50.0,89.181633,89.181633,0.006977,115.384592,100.87878,108.044302,48.781583,2.373305,-0.058718,0.350911,52.915492,1.883335,1.614489,0.666272,0.0152,0.084121,FAIL
S00448,L0022,T01,448,POSITIVE,UNEXPOSED,50.0,111.839069,111.839069,0.021957,116.607872,102.753703,110.589581,52.019533,2.322965,-0.008576,0.751618,45.852107,1.763385,1.437548,0.010852,0.06173,0.013311,FAIL
S00761,L0038,T02,761,NEGATIVE,EXPOSED,50.0,86.368174,110.728429,-0.041411,110.673424,97.082417,107.807649,44.674578,2.412911,-0.231766,0.297853,54.318616,2.317286,1.85673,0.002028,0.014465,0.023039,FAIL
S00659,L0032,T01,659,POSITIVE,UNEXPOSED,50.0,96.01212,96.01212,-0.025142,97.168156,96.113232,109.889274,59.057967,2.327382,0.882881,-0.265925,49.353998,2.443137,1.1557,0.034709,0.071585,0.022063,PASS
S00341,L0017,T01,341,POSITIVE,UNEXPOSED,50.0,100.768587,100.768587,-0.024345,78.135323,93.352569,110.451427,53.482969,2.402472,0.068676,-0.585797,47.569016,2.900987,0.922626,0.004267,0.019902,0.02309,PASS
S00403,L0020,T02,403,POSITIVE,UNEXPOSED,50.0,93.743001,93.743001,-0.173856,90.142047,97.590475,104.47373,57.749207,2.324028,-0.307031,0.076633,52.376125,4.491967,2.742051,0.098183,0.026086,0.247205,FAIL
S00064,L0003,T03,64,POSITIVE,UNEXPOSED,50.0,94.523966,94.523966,0.065123,116.140205,97.758519,108.710219,48.446993,2.347186,0.873361,-0.84069,54.77737,3.417072,1.371846,0.457539,0.024165,0.144371,FAIL
S00331,L0016,T01,331,POSITIVE,UNEXPOSED,50.0,91.120933,91.120933,0.023373,96.928691,97.007359,107.474014,42.998114,2.422051,-0.4638,-0.882032,53.161407,2.981346,1.850315,0.665066,0.003913,0.204856,FAIL
S00138,L0006,T01,138,POSITIVE,UNEXPOSED,50.0,108.094006,108.094006,0.035657,96.226953,100.775645,110.3696,54.864124,2.339964,-0.315276,-0.680063,46.982571,2.854883,1.448067,0.024904,0.048076,0.033343,FAIL
S00192,L0009,T02,192,NEGATIVE,EXPOSED,50.0,77.141509,98.89937,-0.048771,76.987196,96.827779,107.111541,50.841747,2.326176,0.461061,0.890507,50.29638,3.390863,1.658196,0.009334,0.021271,0.051836,FAIL
S00653,L0032,T01,653,NEGATIVE,EXPOSED,50.0,76.182785,97.670237,0.032113,83.181079,96.483674,103.741731,52.352417,2.379419,-0.876557,-0.136034,49.894403,2.976309,1.597564,0.072603,0.017912,0.042152,PASS
S00149,L0007,T02,149,NEGATIVE,EXPOSED,50.0,68.806246,88.213136,0.087128,118.565928,95.97559,103.34373,48.754368,2.315091,0.338512,0.821294,48.30903,3.963757,1.550002,0.410478,0.0415,0.213288,FAIL
S00510,L0025,T01,510,POSITIVE,UNEXPOSED,50.0,95.965482,95.965482,-0.006029,87.683042,95.310414,109.989776,46.789755,2.446819,0.828825,-0.816541,51.122285,2.98567,1.236626,0.221094,0.0,0.05007,PASS
S00297,L0014,T02,297,NEGATIVE,EXPOSED,50.0,80.615138,103.352741,-0.042751,129.899629,95.408342,100.440637,57.139389,2.443292,-0.360322,0.549621,53.109238,2.949802,2.093709,0.054729,0.074218,0.058286,FAIL
S00133,L0006,T02,133,POSITIVE,UNEXPOSED,50.0,103.711647,103.711647,0.082872,109.381007,93.723048,108.949691,46.808056,2.350112,0.51594,-0.569486,50.178868,3.022109,1.36985,0.122326,0.022576,0.044838,PASS
S00791,L0039,T03,791,POSITIVE,UNEXPOSED,50.0,101.225274,101.225274,0.027216,109.627952,96.179716,110.642121,42.861359,2.357157,-0.138259,0.297185,51.664891,2.311755,1.470898,0.277069,0.007732,0.038758,FAIL
S00223,L0011,T01,223,POSITIVE,UNEXPOSED,50.0,97.182899,97.182899,0.025956,106.899444,98.643728,111.174288,55.962388,2.399576,0.164852,0.612046,50.418763,2.629854,1.30946,0.099042,0.047423,0.031415,PASS
S00741,L0037,T02,741,NEGATIVE,EXPOSED,50.0,70.478498,90.357049,0.033073,91.160317,100.454015,105.592735,39.103093,2.284489,0.636175,-0.241213,50.589121,2.304331,1.688547,0.263906,0.006503,0.04159,FAIL
S00195,L0009,T01,195,POSITIVE,UNEXPOSED,50.0,92.477216,92.477216,-0.046152,71.493214,96.336366,114.748805,46.130103,2.317294,-0.5112,0.412693,51.426122,3.17153,2.636083,0.298078,0.0,0.141883,FAIL
S00080,L0004,T03,80,POSITIVE,UNEXPOSED,50.0,109.502762,109.502762,0.05391,94.680881,100.550571,111.040927,43.040106,2.481028,0.280891,0.939603,49.556423,3.596773,1.57314,0.041814,0.0,0.060629,FAIL
S00169,L0008,T01,169,NEGATIVE,EXPOSED,50.0,74.28285,95.234423,0.021544,91.162576,94.501308,108.617259,59.150421,2.432588,-0.251662,0.001315,45.310093,1.896515,2.065106,0.07044,0.042982,0.023489,FAIL
S00534,L0026,T01,534,POSITIVE,UNEXPOSED,50.0,100.072358,100.072358,0.004392,100.539293,97.579128,108.582974,45.68941,2.367995,0.816684,-0.359778,25.769242,1.751695,1.123293,0.207658,0.014033,0.017011,PASS
S00422,L0021,T02,422,NEGATIVE,EXPOSED,50.0,77.331844,99.143389,0.007392,115.052742,99.278968,107.113037,49.45398,2.450434,0.074081,0.131346,50.422925,1.929618,1.332373,0.065192,0.010616,0.014804,PASS
S00255,L0012,T01,255,POSITIVE,UNEXPOSED,50.0,94.328624,94.328624,0.084927,101.347323,96.540187,104.486125,47.08348,2.362178,-0.043447,-0.370684,51.767002,2.747897,2.790204,0.386263,0.015043,0.143008,FAIL
S00426,L0021,T03,426,POSITIVE,UNEXPOSED,50.0,98.214317,98.214317,-0.008207,96.493109,94.5218,107.610376,51.721246,2.374895,0.570266,0.237615,53.101892,1.50305,1.850138,0.377118,0.0,0.031404,FAIL
S00254,L0012,T02,254,POSITIVE,UNEXPOSED,50.0,83.960152,83.960152,0.026941,93.459732,97.118258,110.897082,46.344063,2.423183,-0.067575,-0.916523,55.07425,2.631509,2.075547,0.794915,0.0,0.23579,FAIL
S00380,L0019,T01,380,NEGATIVE,EXPOSED,50.0,76.75,98.397436,-0.001411,99.987091,94.757314,105.169934,51.415268,2.317522,0.799029,0.550294,50.030653,2.444501,1.174416,0.089891,0.029769,0.023428,PASS
S00357,L0017,T01,357,NEGATIVE,EXPOSED,50.0,81.370051,104.320578,0.065721,91.687714,99.814589,102.713423,55.20291,2.382821,0.296896,-0.287877,50.595355,2.746203,1.454106,0.031966,0.017501,0.028953,PASS
S00345,L0017,T01,345,NEGATIVE,EXPOSED,50.0,84.932016,108.8872,0.036536,96.420787,103.645514,100.904867,54.465632,2.315114,-0.534216,-0.424274,52.952577,2.767461,2.366358,0.034119,0.035551,0.050128,PASS
S00066,L0003,T02,66,POSITIVE,UNEXPOSED,50.0,98.561337,98.530006,-0.0038,85.93672,93.74675,112.133408,56.355935,2.376879,0.319905,0.036894,49.200886,2.091622,1.256985,0.011307,0.050116,0.015461,PASS
S00539,L0026,T01,539,POSITIVE,UNEXPOSED,50.0,106.942995,106.942995,0.035997,90.510286,99.860352,108.938806,37.634724,2.409311,0.992887,0.588838,46.851257,3.606994,1.335173,0.103341,0.01474,0.065773,FAIL
S00010,L0000,T02,10,NEGATIVE,EXPOSED,50.0,68.634315,101.848995,0.034868,102.895947,98.046552,105.137687,46.757797,2.44527,-0.173876,0.867195,48.368195,2.637083,1.74228,0.355823,0.0,0.07018,FAIL
S00117,L0005,T02,117,NEGATIVE,EXPOSED,50.0,71.846143,92.11044,-0.106755,107.635637,100.246159,104.500491,63.909344,2.373383,0.693008,0.982001,48.222119,4.206505,1.687188,0.267506,0.085055,0.211674,FAIL
S00657,L0032,T01,657,NEGATIVE,EXPOSED,50.0,82.857958,106.228152,-0.015949,109.188016,102.849961,106.851256,55.698244,2.387389,0.797713,0.628139,51.972206,2.407912,1.905793,0.019443,0.02815,0.027645,PASS
S00642,L0032,T01,642,POSITIVE,UNEXPOSED,50.0,104.661263,104.661263,0.140579,106.330786,97.700378,110.438829,49.343871,2.433623,0.642528,0.302364,49.698738,4.797949,1.317489,0.031905,0.034712,0.141728,FAIL
S00054,L0002,T01,54,POSITIVE,UNEXPOSED,50.0,109.543955,109.543955,-0.020762,109.757055,99.141847,110.216675,52.350903,2.342645,-0.500962,0.481647,47.984664,2.671755,1.648367,0.018135,0.064203,0.032574,PASS
S00147,L0007,T01,147,NEGATIVE,EXPOSED,50.0,75.081107,96.25783,0.004871,94.537085,103.484255,107.009642,47.642275,2.394715,-0.480103,0.473978,47.351132,2.221337,1.512616,0.083905,0.021046,0.02248,PASS
S00662,L0033,T01,662,NEGATIVE,EXPOSED,50.0,75.904446,97.313393,0.003503,115.144917,93.668506,105.581495,48.755774,2.439689,-0.43198,-0.547555,48.133695,1.892366,1.600173,0.120939,0.018953,0.019736,PASS
S00105,L0005,T01,105,POSITIVE,UNEXPOSED,50.0,104.586149,104.586149,0.158126,96.652579,99.002981,113.457861,42.004071,2.324788,-0.79129,-0.346353,48.43022,4.922219,1.773889,0.122217,0.0,0.217846,FAIL
S00799,L0039,T03,799,POSITIVE,UNEXPOSED,50.0,94.833941,94.833941,-0.08629,89.866786,96.488044,109.570353,47.61284,2.378141,0.471202,-0.822125,54.603557,3.92681,1.293669,0.262662,0.009539,0.122239,FAIL
S00021,L0001,T02,21,POSITIVE,UNEXPOSED,50.0,108.950016,108.950016,-0.05566,96.513616,95.039508,105.597953,42.365438,2.360009,-0.383063,0.359523,47.714464,2.868727,2.495329,0.059677,0.022204,0.060282,PASS
S00443,L0022,T02,443,NEGATIVE,EXPOSED,50.0,77.795727,99.738112,-0.072502,116.410103,95.671213,105.248321,48.125288,2.391225,0.085797,-0.674568,50.023947,3.297079,1.420722,0.090595,0.043062,0.055474,FAIL
S00135,L0006,T02,135,NEGATIVE,EXPOSED,50.0,80.551232,103.27081,0.099463,103.107839,98.527205,104.082392,53.555009,2.367977,-0.683362,-0.497501,53.064446,3.754569,1.167748,0.023093,0.042283,0.058636,FAIL
S00600,L0030,T01,600,NEGATIVE,EXPOSED,50.0,100.310532,93.98103,0.073396,88.333364,99.369658,109.708558,46.001964,2.440393,0.155605,0.406499,48.931448,3.039752,2.15196,0.116756,0.0,0.063822,PASS
S00101,L0005,T01,101,POSITIVE,UNEXPOSED,50.0,106.808085,99.135092,-0.06967,90.666509,97.34155,111.938144,45.876607,2.374732,-0.394585,0.839342,47.505066,3.861694,1.592772,0.035547,0.017191,0.077342,FAIL
S00680,L0034,T02,680,NEGATIVE,EXPOSED,50.0,77.218406,98.997956,-0.024438,85.793539,98.932802,110.456147,58.772973,2.321582,-0.600035,0.08165,50.650089,2.151681,2.56134,0.030736,0.014612,0.031684,PASS
S00551,L0027,T02,551,POSITIVE,UNEXPOSED,50.0,104.285154,104.285154,0.033783,96.030727,101.679513,113.871488,45.552742,2.390555,-0.034474,0.33143,47.855006,2.465359,1.821281,0.101868,0.024881,0.03438,PASS
S00076,L0003,T01,76,POSITIVE,UNEXPOSED,50.0,106.706983,106.706983,0.059003,79.708142,94.805239,112.351585,48.473581,2.347318,-0.080959,-0.952435,46.904924,4.161268,1.698792,0.028014,0.014591,0.10032,FAIL
S00584,L0029,T02,584,POSITIVE,UNEXPOSED,50.0,108.756843,108.756843,-0.026422,91.030931,96.052125,107.108273,42.628987,2.355519,-0.725583,-0.6449,47.366284,2.766846,1.522714,0.027435,0.0,0.02892,PASS
S00031,L0001,T01,31,POSITIVE,UNEXPOSED,50.0,101.085207,101.085207,0.017582,102.807779,95.042094,107.795313,43.664587,2.346081,0.840417,0.905747,50.366288,3.207014,1.298999,0.224618,0.022957,0.065788,FAIL
S00752,L0037,T03,752,POSITIVE,UNEXPOSED,50.0,98.572248,98.572248,-0.049572,112.480639,100.611958,111.604412,43.991435,2.356095,-0.534531,0.5493,53.893649,2.668095,1.645898,0.406724,0.0,0.078129,FAIL
S00130,L0006,T01,130,POSITIVE,UNEXPOSED,50.0,102.350178,102.350178,-0.084652,72.799527,97.836108,108.780279,43.640098,2.468656,0.854409,0.10047,49.719612,4.061724,1.289631,0.068689,0.026465,0.086294,FAIL
S00368,L0018,T01,368,POSITIVE,UNEXPOSED,50.0,101.302518,101.302518,0.10142,106.668152,97.383577,109.931862,48.170322,2.387913,0.351096,-0.097838,50.379131,3.35599,0.987907,0.147605,0.006409,0.049513,FAIL
S00121,L0006,T02,121,POSITIVE,UNEXPOSED,50.0,106.165772,106.165772,-0.045302,98.152303,97.672209,106.872153,38.936599,2.348959,-0.909405,-0.719011,49.584397,3.322346,1.840417,0.15334,0.029294,0.471887,FAIL
S00275,L0013,T01,275,POSITIVE,UNEXPOSED,50.0,113.472427,113.472427,-0.070964,102.361386,99.780192,109.713366,46.634943,2.363132,-0.518997,0.389049,44.853191,2.809365,1.787187,0.0,0.036896,0.034998,FAIL
S00605,L0030,T03,605,POSITIVE,UNEXPOSED,50.0,105.235166,105.235166,-0.04414,102.403652,100.482682,107.754525,45.519099,2.33211,-0.160462,0.636457,50.274938,2.258826,1.779001,0.078908,0.027049,0.026779,PASS
S00262,L0013,T02,262,POSITIVE,UNEXPOSED,50.0,104.960171,104.960171,-0.033765,110.517988,98.643286,111.051261,45.007486,2.439755,0.970976,-0.204657,50.046075,2.419933,1.476605,0.110893,0.03718,0.0291,PASS
S00307,L0015,T02,307,NEGATIVE,EXPOSED,50.0,77.631743,99.527875,0.028737,91.137774,96.540934,107.132449,44.944842,2.394064,0.524392,0.159788,50.945166,2.34216,1.603487,0.042896,0.0,0.022158,PASS
S00264,L0013,T02,264,NEGATIVE,EXPOSED,50.0,77.649135,101.765117,0.012666,102.008301,96.678629,102.13816,62.850232,2.359493,-0.398593,0.010623,48.646984,1.871275,1.899274,0.087355,0.081211,0.024193,PASS
S00485,L0024,T01,485,POSITIVE,UNEXPOSED,50.0,94.798515,94.798515,0.086394,83.73434,103.382395,110.270725,53.20879,2.39965,-0.002059,0.240933,49.318041,3.244148,1.221412,0.076488,0.030324,0.044757,FAIL
S00441,L0022,T01,441,POSITIVE,UNEXPOSED,50.0,84.759502,84.759502,-0.053832,111.575394,95.606177,107.551744,42.848559,2.427425,0.52084,0.078431,56.838558,2.653046,2.003272,0.899038,0.014249,0.295216,FAIL
S00592,L0029,T01,592,POSITIVE,UNEXPOSED,50.0,104.539864,104.539864,0.004824,87.567093,95.589842,107.874017,43.913455,2.479091,-0.268516,0.909113,46.318762,2.441278,1.628057,0.079807,0.015221,0.027978,FAIL
S00131,L0006,T01,131,NEGATIVE,EXPOSED,50.0,76.796079,98.456512,-0.045759,113.80959,101.666942,105.287991,50.490768,2.519745,-0.757887,0.138714,49.228576,2.838177,1.355575,0.091849,0.012495,0.034437,PASS
S00067,L0003,T02,67,POSITIVE,UNEXPOSED,50.0,91.496739,91.496739,0.074309,106.109369,100.120507,105.634723,51.141718,2.362371,0.02919,-0.502363,52.675706,2.986056,2.490186,0.38506,0.031094,0.152342,FAIL
S00640,L0032,T02,640,POSITIVE,UNEXPOSED,50.0,93.973351,93.973351,-0.117991,108.026851,98.471828,112.127399,48.494236,2.437132,-0.810498,0.772745,53.31313,3.956331,1.734642,-0.077055,0.01761,0.206216,FAIL
S00279,L0013,T01,279,POSITIVE,UNEXPOSED,50.0,96.383548,96.383548,-0.061308,90.644712,97.50925,106.373926,63.773447,2.292171,-0.246838,-0.519933,47.505496,3.228111,1.687556,0.044974,0.066233,0.056442,FAIL
S00050,L0002,T03,50,POSITIVE,UNEXPOSED,50.0,106.875423,106.875423,0.124569,114.403725,100.258027,108.599615,39.965745,2.405469,0.267938,-0.78499,50.382463,4.264822,1.680991,0.186915,0.020473,0.160325,FAIL
S00369,L0018,T02,369,POSITIVE,UNEXPOSED,50.0,94.037716,94.037716,-0.062764,87.44317,97.457398,107.649871,36.751928,2.339938,0.653272,0.435607,54.486638,3.300382,1.523322,0.681013,0.022453,0.236155,FAIL
S00284,L0014,T01,284,POSITIVE,UNEXPOSED,50.0,96.855285,96.855285,0.041617,80.841106,90.848441,111.117254,42.238194,2.431698,-0.36279,-0.416999,49.71509,3.304361,1.491286,0.286261,0.007524,0.088608,FAIL
S00475,L0023,T01,475,POSITIVE,UNEXPOSED,50.0,96.117892,96.117892,-0.151733,97.873605,9.979035,112.502812,49.922556,2.423797,-0.176833,-0.014866,50.255601,3.800852,1.708543,0.211011,1.9e-05,0.117254,FAIL
S00469,L0023,T02,469,NEGATIVE,EXPOSED,50.0,75.632674,96.964966,0.016184,119.79106,95.458287,102.618491,60.616418,2.398737,-0.295847,-0.274514,48.092389,2.214015,1.64761,0.156116,0.098822,0.035307,PASS
S00225,L0011,T02,225,POSITIVE,UNEXPOSED,50.0,104.720922,104.720922,0.025956,91.464427,98.41121,110.020527,41.414329,2.354785,0.175638,-0.908057,49.180944,3.564732,1.389236,0.108508,0.004336,0.064692,FAIL
S00692,L0034,T01,692,POSITIVE,UNEXPOSED,50.0,99.242028,99.242028,0.029672,87.255467,99.445369,111.426862,56.577887,2.365438,-0.631261,0.054643,48.200216,2.006121,1.206999,0.016359,0.049869,0.014196,PASS
S00508,L0025,T01,508,POSITIVE,UNEXPOSED,50.0,108.704954,108.704954,-0.073042,94.488451,95.899669,110.148217,52.163458,2.479211,0.592428,-0.96713,48.128489,3.727516,1.093863,0.005924,0.044991,0.053105,FAIL
S00580,L0029,T01,580,POSITIVE,UNEXPOSED,50.0,95.912368,95.912368,0.019252,100.38273,96.048443,106.794956,48.803239,2.423511,0.162013,0.498762,49.812031,2.111436,1.657471,0.248811,0.024009,0.034993,PASS
S00434,L0021,T02,434,NEGATIVE,EXPOSED,50.0,96.605395,123.85307,-0.036914,99.721169,97.740573,107.854549,51.708135,2.541433,-0.997037,-0.706362,58.120542,3.025204,2.493022,0.0,0.0,0.055336,FAIL
S00573,L0028,T01,573,NEGATIVE,EXPOSED,50.0,86.599461,111.02495,-0.07908,94.45562,101.175129,102.224362,67.166613,2.39576,-0.416701,-0.952406,54.993871,3.692491,1.860936,0.02437,0.057992,0.082819,FAIL
S00493,L0024,T01,493,POSITIVE,UNEXPOSED,50.0,102.963978,102.963978,-0.053855,107.229767,96.659303,114.465379,37.739246,2.434888,0.777923,0.040875,49.014129,2.940606,2.026028,0.374939,0.018708,0.11209,FAIL
S00786,L0039,T01,786,POSITIVE,UNEXPOSED,50.0,107.270802,107.270802,0.099341,88.067638,95.843233,105.427724,61.847156,2.409172,0.309027,-0.91456,46.751668,3.995141,2.150089,0.012542,0.061869,0.117971,FAIL
S00238,L0011,T01,238,POSITIVE,UNEXPOSED,50.0,107.477437,107.477437,-0.110249,92.711416,98.894343,113.352106,50.778585,2.432171,-0.655972,-0.842883,47.564644,4.30819,1.759855,0.042537,0.030573,0.124055,FAIL
S00383,L0019,T01,383,POSITIVE,UNEXPOSED,50.0,95.206977,95.206977,-0.083626,91.367783,95.390641,111.576798,51.180337,2.404496,-0.622606,0.011508,50.481046,3.168671,1.845939,0.191375,0.017126,0.076372,PASS
S00450,L0022,T03,450,POSITIVE,UNEXPOSED,50.0,87.819993,87.819993,-0.008253,106.32468,99.697973,109.364347,57.472914,2.313298,-0.692789,-0.48979,54.313877,1.769771,1.842595,0.332095,0.06938,0.04074,FAIL
S00337,L0016,T01,337,POSITIVE,UNEXPOSED,50.0,100.087421,100.087421,-0.018599,126.961636,105.527766,106.341675,44.457759,2.37189,0.724845,-0.569621,51.23365,2.629981,1.973021,0.445385,0.02285,0.103851,FAIL
S00299,L0014,T01,299,NEGATIVE,EXPOSED,50.0,86.94106,111.462898,0.089173,84.968581,98.41355,103.465307,48.259144,2.352533,-0.537761,-0.755504,52.050078,4.126497,1.814526,0.0,0.029308,0.099641,FAIL
S00401,L0020,T03,401,POSITIVE,UNEXPOSED,50.0,97.494481,97.494481,-0.017571,101.33213,102.105041,109.199752,45.9593,2.410029,0.560914,0.711259,52.902625,2.208768,-0.03279,0.266497,0.036841,0.034135,FAIL
S00759,L0037,T01,759,POSITIVE,UNEXPOSED,50.0,106.772998,106.772998,0.130317,97.207178,94.58314,112.199534,45.882813,2.36218,-0.850006,-0.539918,47.466097,4.233244,1.707284,0.063094,0.039913,0.122788,FAIL
S00650,L0032,T01,650,POSITIVE,UNEXPOSED,50.0,102.394396,102.394396,0.023526,103.459485,97.897428,108.619593,42.550929,2.477454,0.316734,0.550347,47.829682,2.05946,1.348748,0.210144,0.033975,0.026229,PASS
S00256,L0012,T01,256,POSITIVE,UNEXPOSED,50.0,122.904538,122.904538,-0.046798,84.919318,98.665504,105.541183,44.506102,2.358553,0.286007,-0.791194,40.893176,3.058563,2.885208,0.0,0.002059,0.069901,FAIL
S00137,L0006,T03,137,POSITIVE,UNEXPOSED,50.0,102.541994,102.541994,0.034452,91.399332,103.681984,111.293409,52.009801,2.371518,-0.493239,-0.293904,52.135822,2.934694,1.34654,0.03624,0.000512,0.031004,PASS
S00734,L0036,T01,734,POSITIVE,UNEXPOSED,50.0,98.99095,98.99095,0.223865,111.769447,98.2768585,108.955949,53.682656,2.367986,-0.023382,-0.689224,50.931803,5.534543,1.049526,0.125543,0.066922,0.272976,FAIL
S00083,L0004,T01,83,POSITIVE,UNEXPOSED,50.0,99.4332,99.4332,0.065683,104.255818,100.3485,106.590704,48.46622,2.467163,0.712252,-0.341037,49.408171,3.132267,1.66641,0.157941,0.025368,0.063246,PASS
S00074,L0003,T01,74,POSITIVE,UNEXPOSED,50.0,99.787774,99.787774,-0.014316,104.87943,98.212806,104.377622,56.269794,2.363721,0.478935,-0.124514,48.568735,2.009489,2.67231,0.038835,0.047132,0.033067,PASS
S00629,L0031,T01,629,NEGATIVE,EXPOSED,50.0,88.254629,113.14696,-0.024488,116.698849,96.596729,104.549827,54.717416,2.381237,-0.507362,0.964235,54.355892,3.070729,1.654218,0.0,0.038271,0.040528,FAIL
S00146,L0007,T01,146,POSITIVE,UNEXPOSED,50.0,103.549857,103.549857,0.020478,104.311805,98.745507,112.37336,51.327557,2.34716,-0.501247,-0.209963,47.854554,1.839934,1.743034,0.056598,0.041884,0.018089,PASS
S00305,L0015,T03,305,POSITIVE,UNEXPOSED,50.0,97.149156,97.149156,0.051262,93.202715,97.242918,112.49146,44.107525,2.358409,-0.622596,0.677125,55.073096,3.298578,1.709872,0.300893,0.0,0.100356,FAIL
S00686,L0034,T01,686,POSITIVE,UNEXPOSED,50.0,97.944681,97.944681,-0.163894,81.575589,99.006642,108.622092,49.361837,2.402077,-0.727743,-0.482883,50.620021,5.353664,1.240353,0.104259,0.033873,0.23675,FAIL
S00107,L0005,T01,107,NEGATIVE,EXPOSED,50.0,76.015024,97.455158,-0.03517,114.025222,95.68077,103.331005,50.079706,2.368278,-0.147429,-0.090527,48.216568,2.220124,1.406409,0.152738,0.036123,0.026561,PASS
S00720,L0036,T02,720,POSITIVE,UNEXPOSED,50.0,95.794776,95.794776,0.017673,93.507306,95.927978,108.439782,47.093346,2.423285,-0.054454,0.394278,52.266192,2.234408,1.536528,0.259949,0.012534,0.036387,FAIL
S00094,L0004,T01,94,POSITIVE,UNEXPOSED,50.0,101.086141,101.086141,0.025608,92.529453,97.990637,112.185988,46.474087,2.438358,-0.012693,0.560623,49.245614,1.897086,1.384513,0.140966,0.028557,0.019079,PASS
S00016,L0000,T01,16,POSITIVE,UNEXPOSED,50.0,101.848995,101.848995,-0.001035,98.230115,95.83535,107.880168,53.905983,2.359891,0.179045,-0.374742,47.382419,1.962595,1.487274,0.018206,0.060501,0.016438,PASS
S00548,L0027,T02,548,POSITIVE,UNEXPOSED,50.0,97.933051,97.933051,0.020943,94.562662,95.684883,108.355887,47.087518,2.45863,-0.823828,-0.50141,50.629796,2.689586,0.977796,0.204001,0.003872,0.03308,PASS
S00684,L0034,T03,684,POSITIVE,UNEXPOSED,50.0,91.20316,91.20316,-0.011101,95.654342,101.442867,108.145921,47.207061,2.46132,0.859492,0.976488,56.229541,2.955183,-0.423429,0.483256,0.019543,0.112057,FAIL
S00176,L0008,T01,176,NEGATIVE,EXPOSED,50.0,83.161533,106.61735,-0.058492,92.676792,98.158148,108.469075,61.154268,2.406338,-0.106123,0.990856,52.778547,3.302706,1.872604,0.0,0.0284,0.053567,FAIL
S00479,L0023,T02,479,POSITIVE,UNEXPOSED,50.0,110.600373,110.600373,-0.156882,111.090032,95.394409,111.969176,47.170653,2.379535,0.558892,0.562917,49.337979,4.547797,1.672847,0.03222,0.04615,0.14323,FAIL
S00379,L0018,T02,379,POSITIVE,UNEXPOSED,50.0,100.027126,100.027126,0.039538,93.483105,101.754785,112.195027,41.483079,2.413564,0.601688,-0.642883,50.166437,2.845832,1.210251,0.273246,0.037637,0.055398,FAIL
S00789,L0039,T01,789,NEGATIVE,EXPOSED,50.0,87.686513,112.418606,0.102626,109.235446,96.893808,105.122712,46.159977,2.406122,0.934904,-0.323462,52.838952,4.030728,1.94031,0.013445,0.004188,0.096338,FAIL
S00182,L0009,T01,182,POSITIVE,UNEXPOSED,50.0,111.97862,111.97862,-0.038999,99.770494,94.239674,109.227878,44.698596,2.351117,0.123143,0.8395,44.795668,2.625677,1.679749,0.036772,0.02193,0.03028,FAIL
S00267,L0013,T01,267,POSITIVE,UNEXPOSED,50.0,97.491509,97.491509,-0.056056,94.299125,100.010053,106.944058,49.94847,2.335653,0.451531,0.860091,49.222381,3.205906,1.714679,0.1337,0.025823,0.064586,FAIL
S00030,L0001,T02,30,NEGATIVE,EXPOSED,50.0,65.122132,83.489913,-0.005368,88.720672,95.219937,106.329475,60.176995,2.422587,0.455436,-0.404133,43.124314,2.252413,2.124903,0.441342,0.029548,0.08416,FAIL
S00061,L0003,T01,61,POSITIVE,UNEXPOSED,50.0,109.979382,109.979382,0.051883,94.923323,102.015003,111.275457,43.407134,2.384836,-0.627574,0.321103,46.067244,2.784656,1.759115,0.027414,0.024251,0.035293,FAIL
S00724,L0036,T01,724,POSITIVE,UNEXPOSED,50.0,90.46421,90.46421,-0.043733,95.253923,98.2768585,109.981896,50.880697,2.461319,0.413895,0.285681,50.365362,2.732637,1.598968,0.371765,0.020582,0.076886,FAIL
S00347,L0017,T01,347,POSITIVE,UNEXPOSED,50.0,102.086798,102.086798,-0.019096,90.667892,100.768308,107.336951,45.014172,2.381426,-0.89921,0.573096,47.882327,2.933989,1.657088,0.118735,0.009046,0.046547,PASS
S00227,L0011,T02,227,POSITIVE,UNEXPOSED,50.0,103.362406,103.362406,-0.109949,83.798774,97.044763,110.402857,39.277559,2.380719,0.267099,-0.979108,48.379983,4.388536,1.033834,0.145064,0.023916,0.11762,FAIL
S00762,L0038,T02,762,POSITIVE,UNEXPOSED,50.0,99.405293,99.405293,0.054482,110.279599,96.630326,109.238599,38.200108,2.372899,0.945827,-0.412173,51.809177,2.67328,1.019257,0.556379,0.003112,0.084596,FAIL
S00796,L0039,T01,796,POSITIVE,UNEXPOSED,50.0,107.945477,107.945477,0.03903,100.802177,93.730931,111.236824,44.836482,2.420827,-0.560522,0.961485,47.142337,3.0323,1.675925,0.048318,0.03325,0.044686,PASS
S00682,L0034,T02,682,POSITIVE,UNEXPOSED,50.0,93.663931,93.663931,-0.131013,88.999117,99.851821,107.40153,39.945239,2.339785,-0.264985,0.671211,55.323024,4.580523,1.694917,0.601554,0.005562,0.436324,FAIL
S00696,L0034,T02,696,POSITIVE,UNEXPOSED,50.0,105.454164,105.454164,-0.105761,112.444198,98.369239,114.608898,43.845987,2.283615,0.80788,0.019941,49.172729,3.678943,2.21232,0.140164,0.018341,0.119433,FAIL
S00059,L0002,T01,59,POSITIVE,UNEXPOSED,50.0,101.352809,101.352809,-0.160348,115.217541,101.958949,113.173972,35.417692,2.366412,0.722915,-0.914531,51.589582,5.498097,1.591275,0.616626,0.021356,0.633794,FAIL
S00550,L0027,T02,550,NEGATIVE,EXPOSED,50.0,76.552365,98.144058,-0.182467,92.474116,98.147393,101.974868,54.122838,2.400545,0.28544,0.605646,51.80336,4.958071,1.906011,0.081751,0.031097,0.229579,FAIL
S00693,L0034,T01,693,NEGATIVE,EXPOSED,50.0,72.624436,93.108251,-0.036659,103.338708,99.03176,100.512614,63.117017,2.355825,0.262809,-0.21066,45.038016,2.504764,2.372477,0.291467,0.109276,0.094765,FAIL
S00594,L0029,T01,594,POSITIVE,UNEXPOSED,50.0,96.411819,96.411819,0.058786,117.801617,91.86709,111.387094,47.338552,2.392443,-0.526721,-0.722147,51.057482,3.064626,1.137611,0.420242,0.020075,0.089275,FAIL
S00413,L0020,T01,413,POSITIVE,UNEXPOSED,50.0,93.856337,93.856337,0.044324,110.166994,97.486009,108.772821,46.336838,2.464064,-0.660135,0.258774,51.02608,2.977679,1.461407,0.515005,0.023188,0.125076,FAIL
S00367,L0018,T01,367,POSITIVE,UNEXPOSED,50.0,112.098096,112.098096,-0.033062,107.256832,98.687453,114.725133,48.448111,2.484238,-0.700505,0.879588,46.961548,2.956156,2.598842,0.004376,0.041183,0.061647,FAIL
S00560,L0028,T01,560,POSITIVE,UNEXPOSED,50.0,102.979869,102.979869,0.146245,115.708627,94.088771,108.727541,45.450455,2.398202,-0.653923,-0.250855,49.088428,4.443019,1.383115,0.178828,0.034642,0.160381,FAIL
S00351,L0017,T02,351,NEGATIVE,EXPOSED,50.0,72.727335,93.240173,0.001604,95.434703,98.961787,106.334451,75.483427,2.399252,-0.599922,0.575678,45.091835,1.669679,1.525159,0.16002,0.230508,0.02938,FAIL
S00790,L0039,T01,790,POSITIVE,UNEXPOSED,50.0,88.406325,88.406325,0.029145,115.595169,101.400292,113.320662,34.048256,2.437676,0.383026,0.831116,58.049019,2.901225,2.077227,0.974451,0.008234,0.395934,FAIL
S00451,L0022,T01,451,POSITIVE,UNEXPOSED,50.0,96.989987,96.989987,0.086537,96.439394,98.499552,108.571735,52.228303,2.322465,0.292142,0.898775,49.392859,3.961014,1.540401,0.131715,0.008041,0.101834,FAIL
S00457,L0022,T01,457,NEGATIVE,EXPOSED,50.0,87.084724,111.647082,-0.041046,94.997804,99.306492,108.900848,60.28503,2.402789,0.784509,0.288652,54.299199,2.656226,2.341321,0.0,0.035262,0.041236,FAIL
S00583,L0029,T02,583,POSITIVE,UNEXPOSED,50.0,101.108085,101.108085,0.055734,97.168954,98.094551,108.387169,37.953991,2.392755,-0.123897,-0.013514,51.360079,2.778716,1.136291,0.376106,0.0,0.060652,FAIL
S00194,L0009,T03,194,NEGATIVE,EXPOSED,50.0,78.024634,100.031582,0.074743,78.278005,99.170799,99.264746,42.269668,2.303339,0.210972,0.186367,51.822347,3.218018,2.715269,0.079064,0.0,0.085792,FAIL
S00012,L0000,T03,12,POSITIVE,UNEXPOSED,50.0,107.852901,107.852901,-0.073603,84.911928,95.014925,108.374742,39.605823,2.430557,-0.946575,-0.99492,49.98975,4.292606,1.513083,0.019923,0.008365,0.097758,FAIL
S00634,L0031,T01,634,POSITIVE,UNEXPOSED,50.0,96.790113,96.790113,-0.141015,99.22739,98.266952,110.67581,49.979291,2.38041,-0.377646,-0.717922,50.705945,4.773497,0.969623,0.17471,0.028567,0.164018,FAIL
S00253,L0012,T03,253,POSITIVE,UNEXPOSED,50.0,100.460868,100.460868,-0.156546,98.49706,98.89445,108.385665,49.902888,2.333744,0.745928,0.496017,51.736487,4.766683,1.391334,0.072269,0.007986,0.149216,FAIL
S00294,L0014,T01,294,POSITIVE,UNEXPOSED,50.0,95.745736,95.745736,0.069244,103.501398,95.911613,109.454413,50.500039,2.388353,-0.761701,0.236296,50.793925,2.77033,1.759957,0.209673,0.03201,0.05786,PASS
S00051,L0002,T02,51,NEGATIVE,EXPOSED,50.0,79.290012,101.653862,0.016554,109.243366,96.783747,106.036155,51.128524,2.339483,0.131903,0.076396,51.605904,1.939986,1.576712,0.015945,0.017343,0.01513,PASS
S00474,L0023,T01,474,POSITIVE,UNEXPOSED,50.0,98.608725,98.608725,-0.036497,105.560137,99.253906,111.904296,53.35631,2.442371,-0.603525,-0.376603,49.44611,2.143062,1.370402,0.062143,0.036185,0.019073,PASS
S00119,L0005,T02,119,NEGATIVE,EXPOSED,50.0,66.549296,85.31961,-0.100666,100.296245,99.371864,104.175222,50.823198,2.392458,-0.247066,0.649104,47.640336,3.663978,1.753359,0.450124,0.028885,0.202828,FAIL
S00628,L0031,T01,628,POSITIVE,UNEXPOSED,50.0,106.433368,106.433368,-0.002465,95.870638,93.699115,110.23967,53.122999,2.328364,0.76359,-0.711363,47.067949,2.190996,1.320187,0.012502,0.039793,0.017006,PASS
S00618,L0030,T01,618,POSITIVE,UNEXPOSED,50.0,103.494569,103.494569,0.05459,136.012249,95.192334,108.071166,38.211713,2.495104,-0.876412,0.134572,49.003857,3.295848,1.477101,0.60041,0.0,0.184677,FAIL
S00159,L0007,T01,159,NEGATIVE,EXPOSED,50.0,86.522792,110.926656,-0.102054,104.957113,98.095144,109.473769,58.035733,2.433484,0.911802,-0.113436,54.595916,3.685149,2.42947,0.025684,0.019777,0.100647,FAIL
S00077,L0003,T01,77,POSITIVE,UNEXPOSED,50.0,108.681947,108.681947,0.036584,91.180265,98.187282,111.234087,43.617939,2.48031,0.787961,-0.972776,46.780774,3.516184,1.373262,0.055587,0.002294,0.053425,FAIL
S00797,L0039,T02,797,POSITIVE,UNEXPOSED,50.0,105.319482,105.319482,0.033745,109.938064,97.581576,108.600671,43.840959,2.312261,0.759226,0.812984,50.015824,2.601888,1.383111,0.110377,0.031748,0.031699,PASS
S00442,L0022,T02,442,POSITIVE,UNEXPOSED,50.0,108.303025,108.303025,0.130771,99.334734,98.877072,109.835125,56.171608,2.343622,0.338261,0.021272,48.830565,3.940538,1.266639,0.017376,0.063524,0.074026,FAIL
S00514,L0025,T01,514,POSITIVE,UNEXPOSED,50.0,106.934581,106.934581,-0.020967,98.551878,101.335706,108.122053,58.57249,2.369519,0.640391,0.927303,48.46013,2.57204,1.66729,0.001224,0.086222,0.030538,PASS
S00190,L0009,T03,190,NEGATIVE,EXPOSED,50.0,83.659364,107.255595,-0.12959,86.470356,100.337686,107.64953,64.98549,2.348905,0.640326,-0.728115,56.686455,4.553561,1.740316,0.013604,0.05862,0.145834,FAIL
S00197,L0009,T01,197,POSITIVE,UNEXPOSED,50.0,101.048478,101.048478,0.077347,97.437894,95.95215,108.704321,49.127073,2.515942,0.549353,-0.127172,49.741389,3.113947,1.233552,0.10121,0.042613,0.044584,PASS
S00359,L0017,T03,359,NEGATIVE,EXPOSED,50.0,80.7016,103.46359,-0.082428,91.280496,97.250045,108.462107,58.176226,2.278839,-0.51065,0.50434,55.046044,3.144943,2.032902,0.012809,0.039617,0.054485,FAIL
S00179,L0008,T03,179,POSITIVE,UNEXPOSED,50.0,98.618509,98.618509,-0.111574,106.946487,98.808795,109.07535,60.899391,2.430255,-0.967958,-0.232901,51.947829,4.091275,1.02221,0.040426,0.076463,0.080479,FAIL
S00324,L0016,T01,324,POSITIVE,UNEXPOSED,50.0,100.485148,100.485148,0.01359,97.939219,96.886079,111.208468,50.068604,2.367346,0.60046,-0.704348,48.032003,2.361882,1.118146,0.084784,0.042334,0.02158,PASS
S00328,L0016,T02,328,POSITIVE,UNEXPOSED,50.0,100.125566,100.125566,0.130828,116.030726,92.160966,105.440852,45.613722,2.389239,0.674034,0.278935,51.271797,4.383795,2.241066,0.264804,0.023569,0.264869,FAIL
S00608,L0030,T02,608,POSITIVE,UNEXPOSED,50.0,106.443438,106.443438,-0.000447,83.409998,91.776804,107.338996,54.276385,2.385046,-0.474194,0.431337,49.048903,2.022225,1.561489,0.001284,0.022661,0.015642,PASS
S00045,L0002,T03,45,NEGATIVE,EXPOSED,50.0,81.692657,104.734176,0.023435,101.48892,95.645175,103.195367,57.941746,2.460295,0.013225,-0.565443,54.525046,2.024268,2.019968,0.024388,0.038668,0.022239,FAIL
S00545,L0027,T01,545,POSITIVE,UNEXPOSED,50.0,89.866015,89.866015,-0.025837,97.212299,97.675626,106.283521,58.113885,2.366226,-0.50267,0.756996,48.927213,2.76978,2.309585,0.206731,0.05331,0.079931,PASS
S00327,L0016,T01,327,POSITIVE,UNEXPOSED,50.0,101.977792,101.977792,0.099128,94.716689,98.287219,110.201426,35.842287,2.556616,0.365385,-0.197323,48.150921,3.507451,1.341435,0.389529,0.0,0.122368,FAIL
S00447,L0022,T03,447,POSITIVE,UNEXPOSED,50.0,93.713889,93.713889,-0.02364,82.444981,96.246703,109.107932,49.815412,2.280932,-0.864116,-0.939334,54.813751,3.613471,1.171334,0.183944,0.0,0.072475,FAIL
S00248,L0012,T01,248,NEGATIVE,EXPOSED,50.0,76.316664,97.841877,-0.05485,97.84601,98.541049,108.440409,56.609273,2.31338,-0.127184,0.761236,47.940897,3.001558,1.800043,0.068861,0.027618,0.048485,PASS
S00322,L0016,T01,322,NEGATIVE,EXPOSED,50.0,82.447775,105.702275,-0.069574,105.774785,96.929435,102.342364,53.809734,2.42581,0.311369,-0.558364,51.509175,2.843746,1.500206,0.023554,0.0,0.030127,PASS
S00258,L0012,T01,258,NEGATIVE,EXPOSED,50.0,78.877509,101.125012,0.061005,109.449679,95.772607,108.181873,55.831475,2.300014,0.258031,0.984204,50.916447,2.943005,1.939968,0.063085,0.026892,0.048912,PASS
S00387,L0019,T01,387,NEGATIVE,EXPOSED,50.0,76.754763,98.403542,0.121194,96.372595,101.897186,102.397421,56.541,2.419331,0.056188,0.712862,48.656577,3.678854,1.428327,0.067464,0.006992,0.065313,FAIL
S00544,L0027,T03,544,NEGATIVE,EXPOSED,50.0,73.936758,94.790715,0.004827,83.602461,97.676992,102.841807,56.892047,2.344113,-0.314683,0.095488,49.035625,1.54121,1.862951,0.121003,0.027039,0.017311,PASS
S00191,L0009,T01,191,POSITIVE,UNEXPOSED,50.0,97.610518,97.610518,-0.113904,97.847012,100.447477,108.360203,51.906765,2.367375,-0.384988,-0.741054,50.143798,3.73117,1.366589,0.108478,0.055073,0.082001,FAIL
S00019,L0000,T01,19,NEGATIVE,EXPOSED,50.0,89.227513,114.394247,-0.006012,93.857663,100.28115,100.468219,53.381675,2.401406,0.527826,-0.580541,52.851478,2.404372,2.733104,0.009649,0.0,0.038938,PASS
S00423,L0021,T02,423,NEGATIVE,EXPOSED,50.0,77.504156,99.364303,0.093827,85.107977,97.699838,107.60896,55.259956,2.43735,0.309498,0.44095,51.089929,4.119598,1.529399,0.039714,0.007599,0.090547,FAIL
S00714,L0035,T03,714,NEGATIVE,EXPOSED,50.0,72.627698,93.112434,0.060814,101.556878,99.949487,103.095493,53.041952,2.433492,0.427006,-0.768133,49.407298,2.981822,1.764368,0.20374,0.017549,0.065332,PASS
S00079,L0003,T01,79,POSITIVE,UNEXPOSED,50.0,101.940382,101.940382,-0.141507,105.212399,97.755288,110.23505,47.937125,2.295542,-0.743135,-0.661973,51.435843,4.839073,1.267917,0.098508,0.030243,0.16548,FAIL
S00738,L0036,T01,738,POSITIVE,UNEXPOSED,50.0,97.94109,97.94109,0.209408,111.147834,100.054841,113.35436,47.955632,2.372823,0.795266,-0.077009,53.069548,5.833959,1.918029,0.28821,0.024397,0.525418,FAIL
S00536,L0026,T01,536,POSITIVE,UNEXPOSED,50.0,98.120843,98.120843,-0.054942,104.893197,100.679079,107.68594,55.541019,2.396658,-0.967108,-0.964846,49.83116,3.478222,1.492483,0.075526,0.055425,0.065828,FAIL
S00349,L0017,T02,349,NEGATIVE,EXPOSED,50.0,81.25204,104.169282,-0.042884,103.448037,99.026836,107.625979,55.439292,2.371604,-0.628538,0.766838,52.828123,3.000849,1.74422,0.000116,0.016729,0.038133,PASS
S00402,L0020,T01,402,POSITIVE,UNEXPOSED,50.0,94.521011,94.521011,-0.101651,106.441301,102.889564,110.148617,55.347911,2.394699,0.922896,-0.608985,52.143178,4.092297,1.633672,0.173553,0.042459,0.140526,FAIL
S00338,L0016,T01,338,POSITIVE,UNEXPOSED,50.0,106.333598,106.333598,-0.024379,111.265707,98.851787,109.789691,64.819091,2.379381,-0.825255,0.467006,48.893387,2.24167,1.584565,0.013521,0.18307,0.029099,PASS
S00386,L0019,T01,386,POSITIVE,UNEXPOSED,50.0,90.251249,90.251249,-0.013074,100.828651,101.190162,113.417972,40.439976,2.436912,0.800499,-0.391871,55.256082,2.566357,2.119027,0.834599,0.0,0.250442,FAIL
S00779,L0038,T01,779,POSITIVE,UNEXPOSED,50.0,95.508496,95.508496,0.015273,97.883804,95.445868,108.317637,43.677665,2.479425,0.619792,-0.114622,51.995726,2.060288,1.283714,0.419337,0.0,0.041148,FAIL
S00286,L0014,T01,286,NEGATIVE,EXPOSED,50.0,91.765525,117.648109,-0.062639,100.218455,99.64518,107.268281,54.267322,2.315526,-0.723585,-0.904531,55.719127,3.766571,1.855378,6.2e-05,0.033196,0.077644,FAIL
S00344,L0017,T02,344,POSITIVE,UNEXPOSED,50.0,100.990017,100.990017,0.048147,97.086752,95.122849,109.222687,41.254281,2.424724,-0.971017,-0.091761,50.56308,2.662214,1.119862,0.308719,0.000293,0.045824,FAIL
S00729,L0036,T01,729,POSITIVE,UNEXPOSED,50.0,104.363051,104.363051,0.109908,81.034149,95.952257,110.455163,41.288353,2.417346,-0.00315,-0.216789,45.665323,3.708233,1.332963,0.106563,0.001035,0.069531,FAIL
S00717,L0035,T03,717,NEGATIVE,EXPOSED,50.0,83.929044,107.601339,-0.034302,104.312215,98.127352,104.429278,57.942063,2.376249,0.644164,-0.047953,55.661925,2.259712,1.577554,0.017818,0.026958,0.020346,FAIL
S00246,L0012,T02,246,NEGATIVE,EXPOSED,50.0,78.886466,101.136494,0.096946,87.255152,96.471917,105.557119,52.389093,2.390607,0.716522,0.847423,50.437692,4.34269,1.203581,0.025153,0.0,0.086565,FAIL
S00285,L0014,T02,285,NEGATIVE,EXPOSED,50.0,85.043135,109.02966,-0.059395,111.805785,99.414115,108.577892,62.409131,2.432386,0.092,0.020754,54.180485,2.851309,2.202157,0.036765,0.052272,0.051584,FAIL
S00542,L0027,T01,542,NEGATIVE,EXPOSED,50.0,76.044013,97.492324,0.165932,87.706455,99.640349,101.65495,43.144502,2.458753,0.970307,0.721609,50.245076,5.216173,1.874221,0.107036,0.021666,0.276565,FAIL
S00266,L0013,T01,266,POSITIVE,UNEXPOSED,50.0,95.970931,95.970931,0.140717,100.186824,94.103888,108.575367,52.276169,2.434709,0.286916,-0.471144,50.703608,4.14179,1.277262,0.140695,0.036156,0.111784,FAIL
S00319,L0015,T02,319,NEGATIVE,EXPOSED,50.0,85.839308,110.050394,-0.025924,115.068845,91.663202,103.355026,55.906561,2.370343,0.513034,0.649925,55.311335,2.276872,1.721597,0.0,0.052184,0.022592,FAIL
S00711,L0035,T01,711,NEGATIVE,EXPOSED,50.0,78.999526,101.281444,-0.075395,113.539543,97.626262,107.16295,54.601857,2.372971,0.692064,-0.761418,50.964451,3.284657,1.637614,0.042917,0.05068,0.055175,FAIL
S00615,L0030,T03,615,POSITIVE,UNEXPOSED,50.0,93.856886,93.856886,-0.05892,111.514042,98.927202,113.44664,38.937241,2.356205,0.72672,0.085184,57.155797,3.097742,1.742527,0.790234,0.025067,0.286344,FAIL
S00739,L0036,T01,739,NEGATIVE,EXPOSED,50.0,76.71484,98.352359,0.023383,94.873435,96.962474,103.013786,64.641972,2.493111,-0.653942,-0.380476,47.867806,2.924361,1.735493,0.078302,0.050716,0.04771,PASS
S00217,L0010,T01,217,POSITIVE,UNEXPOSED,50.0,98.258971,98.258971,0.032867,109.132336,97.900884,108.275504,46.63239,2.425454,-0.088986,0.767868,49.223746,2.580093,1.514384,0.256889,0.028229,0.049072,FAIL
S00437,L0021,T01,437,POSITIVE,UNEXPOSED,50.0,90.824658,101.403809,-0.022441,106.525907,97.01699049999999,110.712466,40.513457,2.352403,-0.784666,-0.614576,53.610565,2.613857,1.655186,0.81682,0.009638,0.208057,FAIL
S00250,L0012,T01,250,NEGATIVE,EXPOSED,50.0,86.141616,110.437969,-0.024062,105.720022,97.451428,103.923815,49.589844,2.332233,0.299299,-0.101594,50.738435,1.449018,1.797253,0.001589,0.023715,0.011029,PASS
S00678,L0033,T01,678,POSITIVE,UNEXPOSED,50.0,102.354386,102.354386,0.016966,97.330342,99.065545,113.548895,41.557522,2.337912,0.514114,-0.022722,48.466374,1.947354,2.035172,0.223379,0.0,0.032928,PASS
S00128,L0006,T03,128,POSITIVE,UNEXPOSED,50.0,95.824512,95.824512,0.010081,85.536502,97.063263,113.417667,49.978661,2.315982,0.416062,-0.093707,52.642364,2.037173,1.666997,0.143014,0.004232,0.023648,PASS
S00715,L0035,T02,715,NEGATIVE,EXPOSED,50.0,75.457911,96.740911,-0.104509,109.483695,101.222659,108.846958,63.050315,2.361083,0.377804,-0.642049,49.562307,3.658352,2.194482,0.101547,0.088075,0.123584,FAIL
S00259,L0012,T01,259,NEGATIVE,EXPOSED,50.0,81.201817,104.104894,-0.101923,98.69786,96.595665,99.632992,63.725,2.424851,-0.527882,0.807607,52.059282,4.094672,2.375052,0.047712,0.040184,0.146891,FAIL
S00232,L0011,T01,232,POSITIVE,UNEXPOSED,50.0,94.967464,94.967464,0.083548,93.478146,100.712948,110.835669,36.700707,2.367894,-0.47344,0.72472,53.74938,3.426747,1.177908,0.696315,0.013518,0.225144,FAIL
S00290,L0014,T02,290,POSITIVE,UNEXPOSED,50.0,99.965987,99.965987,-0.087218,93.431979,96.213232,106.25929,45.575438,2.385561,0.005902,-0.230614,50.876308,3.101235,1.348936,0.180009,0.017002,0.054397,PASS
S00533,L0026,T02,533,NEGATIVE,EXPOSED,50.0,73.854999,94.685896,-0.053571,89.125261,101.330088,106.718096,50.114841,2.339553,-0.325109,0.363139,48.62591,2.856933,1.276569,0.08956,0.01572,0.033588,PASS
S00354,L0017,T01,354,NEGATIVE,EXPOSED,50.0,69.280575,88.82125,0.038707,92.031689,99.537753,104.597749,54.778189,2.378163,-0.986366,-0.41233,45.152344,3.576573,1.499622,0.312661,0.021642,0.120727,FAIL
S00412,L0020,T03,412,POSITIVE,UNEXPOSED,50.0,106.863931,106.863931,0.063515,83.898231,95.56515,115.683186,43.851071,2.352254,-0.402455,-0.179819,49.421636,3.032487,2.844537,0.034482,0.010035,0.074727,PASS
S00769,L0038,T02,769,NEGATIVE,EXPOSED,50.0,78.030473,100.039068,-0.09574,96.300774,96.342834,105.681821,51.930423,2.416631,0.77619,-0.713333,51.291769,4.384329,1.325521,0.035355,0.016621,0.101221,FAIL
S00158,L0007,T01,158,NEGATIVE,EXPOSED,50.0,79.957272,102.509324,0.092551,97.319573,97.491767,107.135456,55.439181,2.385633,0.460411,-0.070065,49.984167,3.21541,1.823068,0.029774,0.023209,0.052014,FAIL
S00713,L0035,T02,713,POSITIVE,UNEXPOSED,50.0,97.950309,97.950309,0.143532,94.905358,100.381492,109.954883,51.511683,2.279347,-0.355192,0.947111,52.575612,5.235894,1.335564,0.112818,0.030272,0.230878,FAIL
S00530,L0026,T02,530,POSITIVE,UNEXPOSED,50.0,95.396299,95.396299,0.049034,115.244051,98.51808,111.511078,47.904733,2.518899,-0.542054,-0.326589,53.020557,3.031,1.53385,0.395988,0.014834,0.098484,FAIL
S00395,L0019,T02,395,POSITIVE,UNEXPOSED,50.0,94.05129,94.05129,-0.001478,99.994464,96.35584,107.857434,58.279354,2.316074,-0.303207,0.51966,50.883821,1.51886,1.586655,0.104053,0.044804,0.014587,PASS
S00586,L0029,T03,586,POSITIVE,UNEXPOSED,50.0,98.355635,98.355635,-0.048457,117.797092,96.853749,110.344317,54.264824,2.392671,0.354781,0.104718,51.458918,2.402909,1.262162,0.135544,0.059643,0.028897,PASS
S00705,L0035,T01,705,POSITIVE,UNEXPOSED,50.0,96.887749,96.887749,-0.018733,93.927654,92.870819,106.280133,46.935968,2.411419,0.516248,-0.657237,51.84037,2.697872,2.059018,0.229986,0.0,0.062363,PASS
S00753,L0037,T01,753,POSITIVE,UNEXPOSED,50.0,101.286495,101.286495,0.009328,106.962077,99.164017,109.719497,43.438614,2.351676,0.495379,0.264663,47.684542,1.629977,1.097604,0.248734,0.022237,0.017314,PASS
S00315,L0015,T01,315,POSITIVE,UNEXPOSED,50.0,106.835882,106.835882,-0.036364,108.359981,96.259763,108.683655,51.902356,2.318837,0.982238,-0.764898,50.192087,3.302368,1.468324,0.069811,0.046848,0.054536,FAIL
S00044,L0002,T03,44,POSITIVE,UNEXPOSED,50.0,110.230205,110.230205,0.045552,120.268677,100.252715,103.612498,48.330394,2.25142,0.541876,-0.405138,50.569606,2.75844,3.393034,0.041796,0.039815,0.08686,PASS
S00048,L0002,T01,48,POSITIVE,UNEXPOSED,50.0,98.830391,98.830391,-0.058205,92.410258,92.809703,107.38095,50.798875,2.362726,0.440609,-0.639124,49.388835,2.674578,1.510383,0.117239,0.026488,0.036214,PASS
S00360,L0018,T02,360,POSITIVE,UNEXPOSED,50.0,88.611582,88.611582,-0.052858,110.188621,100.280249,110.869639,52.713677,2.412244,0.993431,-0.858884,55.78111,3.771952,1.562275,0.51441,0.043225,0.237547,FAIL
S00780,L0039,T01,780,POSITIVE,UNEXPOSED,50.0,99.456865,99.456865,-0.025208,109.656246,97.9979,110.621776,52.260064,2.319193,0.758985,-0.904733,50.837959,2.646033,1.566205,0.154097,0.020139,0.039634,PASS
S00015,L0000,T01,15,NEGATIVE,EXPOSED,50.0,80.687242,103.445182,-0.025413,89.005188,100.134451,108.374742,60.429803,2.28348,-0.888005,-0.879971,51.499984,3.345039,3.726874,0.044881,0.025708,0.154857,FAIL
S00524,L0026,T03,524,NEGATIVE,EXPOSED,50.0,76.394526,97.9417,-0.054343,103.817594,96.147972,105.91452,52.399364,2.316941,-0.059305,-0.918325,51.364944,3.385748,1.603443,0.094095,0.04185,0.065858,FAIL
S00384,L0019,T02,384,NEGATIVE,EXPOSED,50.0,82.040661,100.84015,0.006892,104.342908,96.936777,104.076318,64.599542,2.359194,0.197127,0.828363,54.517578,2.137631,1.504191,0.026864,0.060769,0.019674,FAIL
S00366,L0018,T01,366,POSITIVE,UNEXPOSED,50.0,100.037736,100.037736,-0.092311,83.831759,93.904371,109.337221,47.089045,2.412244,-0.238077,-0.789473,50.448239,4.095506,0.812227,0.103246,0.016763,0.074392,FAIL
S00273,L0013,T01,273,POSITIVE,UNEXPOSED,50.0,101.765117,101.765117,-0.098367,98.05379,95.26799,105.483539,47.521932,2.382702,-0.33153,-0.358637,48.433896,2.948915,2.208954,0.102167,0.030767,0.063239,PASS
S00201,L0010,T03,201,POSITIVE,UNEXPOSED,50.0,97.574477,97.574477,0.0155,81.599813,99.742281,107.535502,44.788082,2.41507,0.514523,0.004329,52.714869,2.898838,1.774879,0.193912,0.0,0.057495,PASS
S00374,L0018,T01,374,POSITIVE,UNEXPOSED,50.0,106.790162,106.790162,0.083624,80.583425,96.058428,108.939835,38.372685,2.414543,0.810305,-0.280763,45.964572,3.916501,1.439111,0.073806,0.012051,0.081459,FAIL
S00047,L0002,T01,47,NEGATIVE,EXPOSED,50.0,79.331147,101.706598,0.008315,99.210769,94.051534,105.675793,35.206219,2.413612,-0.139677,-0.54036,49.202393,1.958444,1.297904,0.028965,0.0,0.01312,PASS
S00113,L0005,T01,113,NEGATIVE,EXPOSED,50.0,79.319465,101.691621,0.060147,103.165478,96.357739,103.761166,56.795907,2.3715,0.675502,-0.157296,50.751794,3.053402,1.24504,0.036484,0.04455,0.036044,PASS
S00035,L0001,T01,35,NEGATIVE,EXPOSED,50.0,78.705487,100.90447,0.042356,103.83492,95.448906,105.26089,51.558729,2.326967,-0.546845,0.858707,35.974789,2.991871,1.255684,0.055342,0.013378,0.033638,PASS
S00708,L0035,T01,708,NEGATIVE,EXPOSED,50.0,79.358873,101.742144,-0.044111,94.737905,95.628103,106.068525,53.740183,2.356944,0.969299,-0.500053,50.867581,3.239223,1.38525,0.007535,0.016408,0.039066,FAIL
S00152,L0007,T01,152,NEGATIVE,EXPOSED,50.0,82.642665,105.952135,-0.040193,101.920481,103.790846,103.811588,52.328733,2.481009,0.01309,-0.717269,51.199972,3.261059,1.468386,0.029025,0.047381,0.047391,FAIL
S00136,L0006,T02,136,POSITIVE,UNEXPOSED,50.0,112.864678,112.864678,0.11502,93.490062,101.326427,112.709,48.770261,2.464293,-0.107565,0.019118,46.68587,4.168204,1.925011,0.034727,0.017849,0.115433,FAIL
S00505,L0025,T01,505,NEGATIVE,EXPOSED,50.0,77.258522,99.049387,-0.047502,105.526943,100.368717,102.571963,54.471471,2.414779,-0.576114,0.541673,50.287198,3.569037,1.660397,0.06154,0.047166,0.072907,FAIL
S00556,L0027,T01,556,NEGATIVE,EXPOSED,50.0,78.008022,100.010285,-0.063882,92.696924,94.944686,108.648545,53.963902,2.369027,0.999258,-0.244784,48.033629,3.407959,1.862043,0.037386,0.030076,0.06421,FAIL
S00024,L0001,T03,24,POSITIVE,UNEXPOSED,50.0,96.032239,96.032239,0.053377,88.933483,97.249478,104.761184,43.193558,2.32898,0.483973,-0.708444,54.687553,2.867223,2.611094,0.367826,0.00762,0.13496,FAIL
S00161,L0008,T03,161,NEGATIVE,EXPOSED,50.0,73.643255,94.414429,0.079356,110.043948,97.885526,105.1836,48.590868,2.374468,-0.586379,-0.03795,51.775701,3.072966,1.449066,0.182516,0.023814,0.057302,PASS
S00032,L0001,T01,32,POSITIVE,UNEXPOSED,50.0,106.265195,106.265195,0.021989,94.251023,97.044983,112.039799,50.550982,2.303494,-0.962871,0.93039,48.505928,3.318942,1.438286,0.038469,0.025956,0.047641,FAIL
S00109,L0005,T01,109,POSITIVE,UNEXPOSED,50.0,92.92863,92.92863,0.02292,107.888374,97.030973,105.191566,40.56584,2.360183,-0.900436,-0.460755,52.972929,2.690336,2.265729,0.730697,0.0046,0.233329,FAIL
S00270,L0013,T01,270,POSITIVE,UNEXPOSED,50.0,104.683356,104.683356,0.085317,117.441298,94.353144,110.541068,59.461551,2.37621,0.889001,-0.292344,49.404187,3.548958,1.228216,0.021047,0.123667,0.061817,FAIL
S00519,L0025,T03,519,POSITIVE,UNEXPOSED,50.0,111.29794,111.29794,-0.134051,111.991166,95.762301,108.264245,48.423597,2.438787,0.127196,-0.409254,51.361056,4.063038,1.738443,0.00644,0.02279,0.091516,FAIL
S00186,L0009,T01,186,NEGATIVE,EXPOSED,50.0,69.064839,88.544665,-0.001208,101.937523,95.146899,102.883786,50.841747,2.371966,0.984013,-0.92779,47.339193,2.890214,1.817703,0.369001,0.011779,0.094411,FAIL
S00611,L0030,T02,611,POSITIVE,UNEXPOSED,50.0,105.776952,105.776952,-0.041295,96.053251,95.480601,109.037993,46.998266,2.363267,-0.253915,-0.303661,48.274347,2.156888,1.28209,0.051252,0.039845,0.018015,PASS
S00085,L0004,T02,85,NEGATIVE,EXPOSED,50.0,70.815348,90.788907,0.018237,114.670815,94.068769,110.177661,42.713218,2.408528,0.315776,-0.277099,49.467568,1.543337,2.647681,0.219871,0.025359,0.03446,PASS
S00476,L0023,T03,476,POSITIVE,UNEXPOSED,50.0,103.88909,103.88909,-0.067063,99.698694,98.218508,110.795525,51.302948,2.46381,0.559413,0.593977,51.447912,3.346128,1.425113,0.061649,0.027781,0.051666,FAIL
S00390,L0019,T01,390,POSITIVE,UNEXPOSED,50.0,101.152215,101.152215,-0.076697,104.041771,96.663378,108.401278,51.679725,2.324253,-0.709096,-0.369937,50.607868,3.39717,1.0563,0.201874,0.038073,0.065927,FAIL
S00018,L0000,T02,18,POSITIVE,UNEXPOSED,50.0,102.158096,102.158096,-0.004686,120.809263,100.307843,107.764154,31.853854,2.428288,0.222468,0.858647,51.099552,2.53224,1.563483,0.752496,0.007917,0.162343,FAIL
S00392,L0019,T01,392,NEGATIVE,EXPOSED,50.0,78.655317,100.84015,-0.006063,101.946011,99.477151,109.593348,53.663317,2.380648,-0.670829,0.744115,50.413789,2.424543,2.073192,0.003729,0.025397,0.029172,PASS
S00685,L0034,T01,685,POSITIVE,UNEXPOSED,50.0,113.30901,113.30901,0.094048,81.561363,95.008051,109.490969,61.294436,2.386881,0.600681,0.492379,46.471189,3.871944,1.525617,0.0,0.058534,0.075619,FAIL
S00202,L0010,T02,202,POSITIVE,UNEXPOSED,50.0,94.204547,94.204547,0.032042,103.01307,97.417564,109.447215,38.178574,2.378339,0.247593,0.152906,55.049371,2.368174,1.160721,0.757698,0.011724,0.121554,FAIL
S00694,L0034,T01,694,NEGATIVE,EXPOSED,50.0,80.398681,103.075233,0.051793,106.335291,97.579676,101.73863,56.172023,2.381144,-0.916806,0.680199,51.283875,3.72644,2.14112,0.048305,0.053221,0.10279,FAIL
S00296,L0014,T02,296,POSITIVE,UNEXPOSED,50.0,100.192426,100.192426,0.068195,97.106331,97.615585,108.000488,51.027052,2.447744,0.422469,0.828897,49.75986,3.376158,1.357568,0.068192,0.016066,0.05057,FAIL
S00523,L0026,T01,523,NEGATIVE,EXPOSED,50.0,66.563362,85.337644,-0.045876,81.362714,90.660198,104.829114,58.17863,2.340407,-0.702554,0.794433,42.815402,3.539293,1.950997,0.345541,0.049392,0.166928,FAIL
S00124,L0006,T03,124,POSITIVE,UNEXPOSED,50.0,105.106212,105.106212,0.012676,86.061663,94.22033,111.003928,48.591175,2.333822,0.229744,0.212132,50.209684,2.260108,1.41694,0.017637,0.0,0.01746,PASS
S00073,L0003,T01,73,NEGATIVE,EXPOSED,50.0,65.913516,84.504508,0.083859,84.363173,101.379571,104.080825,52.323262,2.389533,-0.495451,-0.682996,43.869422,3.819883,1.874047,0.429194,0.023333,0.224036,FAIL
S00329,L0016,T01,329,POSITIVE,UNEXPOSED,50.0,100.326149,100.326149,-0.048757,95.580379,102.717381,105.814317,49.60567,2.301812,-0.098836,-0.242368,47.264445,2.443322,2.298243,0.059122,0.049858,0.041132,PASS
S00316,L0015,T01,316,NEGATIVE,EXPOSED,50.0,80.307388,102.95819,-0.025068,108.387895,97.940285,103.453571,55.680632,2.34701,-0.704698,-0.349905,48.863984,2.387959,1.717046,0.063542,0.058424,0.029832,PASS
S00668,L0033,T01,668,POSITIVE,UNEXPOSED,50.0,99.152568,99.152568,-0.030221,83.770367,101.187173,109.901506,50.49984,2.336785,-0.843139,-0.728989,50.069937,3.410344,1.268917,0.063595,0.001752,0.047387,FAIL
S00639,L0031,T01,639,POSITIVE,UNEXPOSED,50.0,92.050548,92.050548,0.106728,105.282863,99.43297,112.65839,48.204743,2.429367,0.503995,0.161323,51.539098,3.612452,1.834622,0.465807,0.024702,0.208439,FAIL
S00546,L0027,T02,546,POSITIVE,UNEXPOSED,50.0,91.952129,91.952129,-0.048182,98.713587,97.859951,111.856576,47.849373,2.339632,-0.827014,-0.186316,53.564821,2.882216,1.778273,0.446327,0.027802,0.115797,FAIL
S00503,L0025,T02,503,POSITIVE,UNEXPOSED,50.0,94.441818,94.441818,-0.035605,99.03219,98.2962,112.745626,47.472313,2.4029,-0.540457,-0.169801,51.957221,2.525273,1.67371,0.340326,0.022776,0.062789,FAIL
S00218,L0010,T01,218,POSITIVE,UNEXPOSED,50.0,93.183816,93.183816,0.071089,117.258507,99.804815,112.630329,51.3602,2.379807,-0.406234,0.302646,50.242014,3.058988,1.685018,0.408596,0.05789,0.123002,FAIL
S00627,L0031,T01,627,POSITIVE,UNEXPOSED,50.0,94.571486,94.571486,-0.025046,100.75223,94.269855,110.130837,60.92339,2.245246,0.567455,-0.929008,48.696439,2.752267,1.353533,0.066125,0.079622,0.035164,PASS
S00065,L0003,T01,65,POSITIVE,UNEXPOSED,50.0,94.461697,94.461697,0.096961,107.30194,97.69946,112.862061,41.846336,2.311662,-0.679098,-0.809676,53.071905,4.133964,1.878834,0.628662,0.026591,0.399862,FAIL
S00310,L0015,T03,310,NEGATIVE,EXPOSED,50.0,76.919469,98.614703,-0.061645,92.09955,94.655744,104.273315,65.232759,2.313042,-0.197024,-0.636774,51.400137,2.986178,1.16559,0.049396,0.046867,0.034053,PASS
S00660,L0033,T01,660,POSITIVE,UNEXPOSED,50.0,100.074162,100.074162,-0.006527,98.043403,102.059283,110.788555,51.444815,2.350327,-0.054796,-0.619192,50.063952,4.180574,1.188689,0.079663,0.024904,0.09217,FAIL
S00565,L0028,T01,565,NEGATIVE,EXPOSED,50.0,77.535025,99.403878,0.148663,82.052319,97.985426,103.095788,60.39599,2.418169,0.280519,-0.929317,49.478124,4.770742,1.517465,0.031775,0.026036,0.149796,FAIL
S00184,L0009,T01,184,NEGATIVE,EXPOSED,50.0,73.670702,94.449618,0.05168,93.449652,103.779693,100.489812,47.670584,2.348843,0.682826,-0.552509,48.71459,3.098366,2.467929,0.1775,0.0,0.091785,PASS
S00230,L0011,T03,230,NEGATIVE,EXPOSED,50.0,74.847043,95.957747,-0.072965,77.519232,94.414824,108.485847,44.352837,2.345748,0.978414,0.587485,50.286946,4.321182,2.007782,0.047155,0.0,0.133463,FAIL
S00023,L0001,T02,23,POSITIVE,UNEXPOSED,50.0,106.874952,106.874952,-0.018809,98.972431,98.432437,108.589134,41.793166,2.423049,0.286713,-0.2427,46.984275,2.078453,1.449668,0.100575,0.012239,0.019767,FAIL
S00658,L0032,T01,658,POSITIVE,UNEXPOSED,50.0,91.031533,91.031533,-0.016732,95.601213,100.346783,113.265102,56.628672,2.339049,-0.611481,-0.780193,49.936503,2.717748,1.802973,0.19391,0.044857,0.056084,PASS
S00292,L0014,T01,292,NEGATIVE,EXPOSED,50.0,78.317217,100.406688,-0.01015,98.807314,99.350344,105.014964,60.353204,2.393277,0.783173,0.191119,50.271258,2.107737,1.411977,0.056716,0.024864,0.018148,PASS
S00466,L0023,T03,466,NEGATIVE,EXPOSED,50.0,85.946905,110.18834,0.064047,102.409787,96.988999,101.195836,60.691216,2.388152,-0.745905,-0.369544,57.269701,3.254395,2.262659,0.024241,0.033497,0.068009,FAIL
S00699,L0034,T03,699,POSITIVE,UNEXPOSED,50.0,97.813435,97.813435,0.083763,105.050577,99.563669,107.332288,45.631742,2.477102,-0.835881,-0.417737,54.942502,3.602938,1.559702,0.314136,0.017697,0.126105,FAIL
S00317,L0015,T02,317,POSITIVE,UNEXPOSED,50.0,105.044144,105.044144,0.13257,108.673752,98.143474,105.220856,41.922426,2.230707,0.734717,-0.494696,50.873165,4.523722,2.253483,0.182082,0.011197,0.239104,FAIL
S00115,L0005,T01,115,POSITIVE,UNEXPOSED,50.0,99.380616,99.380616,0.155098,115.477637,101.177731,115.09078,40.184983,2.23917,-0.928323,-0.777016,52.389378,5.591708,2.018158,0.523272,0.03392,0.653146,FAIL
S00177,L0008,T02,177,POSITIVE,UNEXPOSED,50.0,108.453725,108.453725,0.050017,120.879916,93.470256,112.792113,40.986216,2.38041,0.840738,0.414869,49.99949,3.136751,1.871884,0.146377,0.001871,0.064786,PASS
S00735,L0036,T03,735,POSITIVE,UNEXPOSED,50.0,86.222055,86.222055,-0.065301,100.932752,98.675645,113.883704,44.451425,2.312613,0.436237,-0.194846,57.170615,2.741616,2.196661,0.823424,0.007482,0.285535,FAIL
S00013,L0000,T02,13,POSITIVE,UNEXPOSED,50.0,93.046713,93.046713,0.042893,101.955819,97.946657,108.636023,45.912885,2.391805,0.426498,-0.199214,55.162004,2.603814,1.409685,0.48841,0.029981,0.087151,FAIL
S00477,L0023,T01,477,NEGATIVE,EXPOSED,50.0,78.910848,101.167754,0.14424,98.565781,93.552328,109.501695,56.280958,2.411114,0.720337,0.081688,49.138725,4.497583,2.367743,0.0,0.039763,0.174309,FAIL
S00025,L0001,T02,25,POSITIVE,UNEXPOSED,50.0,93.777011,93.777011,-0.119223,97.24164,96.589543,104.538834,48.939802,2.355709,0.458457,-0.88244,54.076985,4.288384,2.813767,0.313428,0.02248,0.3422,FAIL
S00663,L0033,T01,663,POSITIVE,UNEXPOSED,50.0,91.798357,91.798357,-0.006527,97.563524,98.235653,110.486062,56.271454,2.392055,0.217098,-0.360121,48.084394,1.781834,2.430327,0.150086,0.052444,0.033009,PASS
S00215,L0010,T02,215,NEGATIVE,EXPOSED,50.0,76.17767,97.66368,0.048942,71.353633,94.423888,101.472898,55.02321,2.332834,0.473754,-0.138737,49.672886,3.066171,2.054167,0.078642,0.0,0.056053,PASS
S00352,L0017,T01,352,POSITIVE,UNEXPOSED,50.0,93.010381,93.010381,0.028251,101.17009,96.612237,109.439318,43.872617,2.396244,0.202164,0.096303,51.405154,2.047066,1.787541,0.53778,0.010105,0.074069,FAIL
S00112,L0005,T01,112,POSITIVE,UNEXPOSED,50.0,98.382052,98.382052,0.020001,103.582102,101.687342,112.419451,48.949579,2.408251,0.183316,-0.58185,49.721742,2.063071,1.425196,0.178155,0.020784,0.024322,PASS
S00543,L0027,T01,543,NEGATIVE,EXPOSED,50.0,84.215425,107.968494,-0.033541,111.492692,96.994015,102.94256,53.207577,2.378965,0.63628,0.42744,52.309755,2.21076,1.562043,0.0,0.033685,0.018752,PASS
S00242,L0012,T01,242,NEGATIVE,EXPOSED,50.0,80.997599,103.843076,0.035576,99.396085,98.541049,104.58481,65.047476,2.33735,0.374127,0.281404,50.563238,2.189901,1.339135,0.029666,0.055921,0.018721,PASS
S00609,L0030,T01,609,POSITIVE,UNEXPOSED,50.0,105.083182,105.083182,0.051392,106.326515,96.185557,107.553549,50.433317,2.458423,0.605999,-0.972342,48.603162,2.798133,1.326676,0.03178,0.03391,0.029365,PASS
S00590,L0029,T01,590,NEGATIVE,EXPOSED,50.0,80.395098,103.070639,-0.114972,102.310932,97.217684,105.974994,60.32337,2.303056,0.590654,-0.022998,51.053704,4.118296,1.414693,0.014968,0.065799,0.091541,FAIL
S00578,L0028,T01,578,POSITIVE,UNEXPOSED,50.0,104.340215,104.340215,-0.0324,96.869141,99.662305,113.046598,46.745867,2.446208,0.181133,0.101507,48.096383,2.46442,1.812069,0.061717,0.030063,0.031049,PASS
S00306,L0015,T01,306,NEGATIVE,EXPOSED,50.0,77.367119,99.188614,-0.080452,113.757621,99.59543,106.172982,57.066431,2.398194,0.097877,-0.553116,49.892826,3.01595,1.64638,0.055946,0.058427,0.047056,PASS
S00667,L0033,T03,667,POSITIVE,UNEXPOSED,50.0,97.148612,97.148612,0.103338,124.748012,98.604803,110.739947,43.916604,2.347469,0.89688,-0.71186,56.823264,4.448094,1.199097,0.578641,0.005327,0.33046,FAIL
S00116,L0005,T02,116,NEGATIVE,EXPOSED,50.0,84.290505,108.06475,-0.100756,112.515044,100.006009,108.1297,48.257423,2.413292,0.813344,0.682035,54.27251,3.964172,1.890148,0.009673,0.00299,0.08816,FAIL
S00589,L0029,T01,589,NEGATIVE,EXPOSED,50.0,79.277641,101.638001,-0.050631,85.185021,97.714199,103.278198,55.823833,2.339597,0.741807,0.015976,49.464643,3.363443,1.525914,0.006056,0.0223,0.047016,FAIL
S00187,L0009,T02,187,NEGATIVE,EXPOSED,50.0,84.618367,108.485086,0.00373,89.83818,98.564732,106.731148,65.969787,2.330836,-0.258983,-0.498871,53.85799,2.284125,1.871192,0.010534,0.030494,0.102505,FAIL
S00058,L0002,T01,58,POSITIVE,UNEXPOSED,50.0,101.062311,101.062311,-0.005841,96.687395,94.351084,102.927134,48.26965,2.365853,-0.616529,0.827341,48.787733,2.695782,3.596569,0.133274,0.004814,0.106665,PASS
S00168,L0008,T01,168,POSITIVE,UNEXPOSED,50.0,90.562757,90.562757,0.001486,107.847726,93.266912,108.633594,40.894665,2.325459,-0.570531,0.398283,52.448356,1.760528,1.763803,0.827319,0.028241,0.127154,FAIL
S00120,L0006,T02,120,NEGATIVE,EXPOSED,50.0,76.550867,98.142138,0.032372,100.810637,95.180781,108.28544,49.876068,2.340934,-0.082792,0.3402,49.206617,2.040934,1.629459,0.065484,0.038352,0.020437,PASS
S00355,L0017,T02,355,NEGATIVE,EXPOSED,50.0,85.754748,109.941985,0.038608,117.732572,100.676987,101.553475,57.662531,2.305469,0.335391,-0.997024,54.629357,3.065047,2.088039,0.018178,0.038318,0.053171,FAIL
S00278,L0013,T01,278,POSITIVE,UNEXPOSED,50.0,106.929692,106.929692,0.094284,107.795745,96.234285,109.533681,51.76117,2.331268,-0.699258,-0.935131,49.484487,4.12173,1.206607,0.054125,0.019398,0.082198,FAIL
S00599,L0029,T01,599,POSITIVE,UNEXPOSED,50.0,92.065925,92.065925,-0.038379,97.49456,93.803971,105.819941,38.42742,2.347655,0.786313,-0.158787,55.24547,2.381593,2.313265,0.783865,0.018415,0.224003,FAIL
S00588,L0029,T01,588,POSITIVE,UNEXPOSED,50.0,101.557691,101.557691,0.042646,97.116755,95.47443,113.699211,50.717372,2.311354,-0.33776,-0.488665,48.649819,2.678848,1.894613,0.070536,0.025163,0.039146,PASS
S00221,L0011,T02,221,POSITIVE,UNEXPOSED,50.0,106.19922,106.19922,0.07734,93.588363,98.616601,110.08652,43.456071,2.355759,-0.503611,0.616327,47.827518,3.154797,1.255448,0.059296,0.010372,0.038569,PASS
S00096,L0004,T02,96,POSITIVE,UNEXPOSED,50.0,92.323182,92.323182,-0.005099,99.39478,98.984317,109.044362,54.960164,2.420985,-0.33483,0.960212,52.106818,2.441499,1.50328,0.166938,0.042324,0.035411,PASS
S00787,L0039,T01,787,NEGATIVE,EXPOSED,50.0,78.88871,101.139372,-0.048537,90.635825,100.950094,104.213536,47.901725,2.305585,0.175941,-0.805848,49.981384,2.647575,1.034605,0.049772,0.012957,0.022123,PASS
S00343,L0017,T01,343,POSITIVE,UNEXPOSED,50.0,101.882843,101.882843,0.086675,96.399905,99.770144,108.778374,47.619496,2.468708,0.991712,-0.331241,48.871925,4.146062,1.423931,0.108526,0.040861,0.11238,FAIL
S00496,L0024,T01,496,POSITIVE,UNEXPOSED,50.0,106.016678,106.016678,0.078332,94.803789,99.074168,113.990474,65.206721,2.28921,-0.18743,-0.091766,47.402973,2.740625,2.022341,0.0,0.11798,0.045511,PASS
S00502,L0025,T01,502,POSITIVE,UNEXPOSED,50.0,92.868322,92.868322,-0.143064,88.232607,99.713621,112.050143,51.996918,2.440946,0.167352,-0.58216,51.93206,4.459166,1.574068,0.221061,0.027118,0.191978,FAIL
S00788,L0039,T01,788,NEGATIVE,EXPOSED,50.0,99.456865,103.773125,0.041778,110.966455,96.703186,100.559674,53.262617,2.36574,-0.943698,0.049686,52.054912,2.841117,2.559464,0.044495,0.015018,0.057583,PASS
S00559,L0027,T01,559,POSITIVE,UNEXPOSED,50.0,102.361302,102.361302,-0.122352,74.140463,98.036937,111.917623,54.177769,2.381496,-0.647952,0.381533,47.230624,4.118292,1.30048,0.004708,0.0,0.072359,FAIL
S00222,L0011,T01,222,NEGATIVE,EXPOSED,50.0,72.337368,92.740216,0.082441,94.51913,100.547058,99.792543,56.329033,2.450061,-0.240404,-0.08446,44.307495,3.000516,2.561826,0.24141,0.034773,0.113279,FAIL
S00707,L0035,T01,707,NEGATIVE,EXPOSED,50.0,82.782564,106.131492,-0.084615,108.607235,92.929314,111.741153,49.162665,2.304335,-0.370638,-0.145831,51.067129,2.641852,3.600806,0.0,0.035576,0.078345,PASS
S00768,L0038,T02,768,NEGATIVE,EXPOSED,50.0,74.656719,95.713742,-0.093507,114.828317,99.065441,104.032562,50.108163,2.400544,0.395985,0.897181,49.545679,4.048509,1.467643,0.190062,0.034466,0.128619,FAIL
S00644,L0032,T01,644,POSITIVE,UNEXPOSED,50.0,98.441951,98.441951,-0.030887,106.613667,96.886116,109.253248,51.087858,2.418502,0.03223,0.704575,49.797404,1.864334,0.746922,0.134785,-0.038452,0.012674,PASS
S00506,L0025,T01,506,NEGATIVE,EXPOSED,50.0,76.804009,98.466678,-0.085944,121.072882,98.799199,106.455202,55.723174,2.468788,0.725487,0.679144,49.051339,3.934984,1.296899,0.103307,0.062189,0.093026,FAIL
S00011,L0000,T01,11,POSITIVE,UNEXPOSED,50.0,97.676489,97.676489,0.055328,88.333157,97.172632,113.225883,59.281971,2.373981,0.882614,-0.545558,48.97721,3.367602,1.728615,0.041784,0.03013,0.058719,FAIL
S00780,L0039,T01,780,POSITIVE,UNEXPOSED,50.0,99.456865,99.456865,-0.025208,109.656246,97.9979,110.621776,52.260064,2.319193,0.758985,-0.904733,50.837959,2.646033,1.566205,0.154097,0.020139,0.039634,PASS
S00071,L0003,T01,71,NEGATIVE,EXPOSED,50.0,84.457504,108.278851,0.022725,100.049043,101.216122,101.406543,58.714109,2.257176,-0.509363,0.97571,53.529685,2.920395,2.283766,0.009221,0.061128,0.054016,FAIL
S00492,L0024,T01,492,POSITIVE,UNEXPOSED,50.0,91.46248,91.46248,0.116269,105.343015,91.838114,109.625693,51.467578,2.425429,-0.114176,0.76049,52.243616,3.491042,1.731946,0.390302,0.03055,0.155668,FAIL
S00421,L0021,T01,421,NEGATIVE,EXPOSED,50.0,80.623987,103.364086,-0.089584,103.313911,98.09385,101.781964,51.721246,2.339058,0.454328,0.154112,50.696954,3.470163,1.958619,0.041259,0.035599,0.072521,FAIL
S00576,L0028,T01,576,POSITIVE,UNEXPOSED,50.0,101.222354,101.222354,-0.09983,95.387096,94.485773,112.616083,43.441835,2.395595,-0.623185,-0.7777,48.899728,4.365766,1.700117,0.19405,0.0,0.169286,FAIL
S00301,L0015,T01,301,POSITIVE,UNEXPOSED,50.0,94.044264,94.044264,0.043437,100.831832,96.293187,107.717123,47.483029,2.36436,-0.097026,0.554727,51.351331,2.561681,1.703979,0.383589,0.014524,0.07209,FAIL
S00036,L0001,T01,36,POSITIVE,UNEXPOSED,50.0,106.120724,106.120724,-0.034101,109.214275,97.92401,108.31478,48.765683,2.447499,0.280112,0.472308,49.472685,2.540376,1.573469,0.06555,0.017561,0.028531,PASS
S00282,L0014,T01,282,POSITIVE,UNEXPOSED,50.0,96.549446,96.549446,-0.135866,107.216713,93.33394,111.297514,44.818033,2.378988,-0.045229,-0.758739,51.175102,4.203036,1.47468,0.425896,0.006469,0.233677,FAIL
S00579,L0028,T01,579,NEGATIVE,EXPOSED,50.0,84.938529,108.895551,-0.044412,84.24066,102.43089,108.667145,40.483437,2.323196,0.962688,-0.425659,50.454496,3.265538,1.933727,0.0,0.0,0.050176,FAIL
S00313,L0015,T02,313,NEGATIVE,EXPOSED,50.0,69.190685,88.706006,-0.046341,114.906723,99.505452,104.870671,47.092893,2.453598,-0.522438,0.056336,48.005271,2.853277,1.728546,0.389788,0.009774,0.092107,FAIL
S00666,L0033,T03,666,POSITIVE,UNEXPOSED,50.0,98.137335,98.137335,-0.017352,102.124619,101.503807,111.204904,46.834544,2.408008,0.318343,0.98661,54.809031,2.240697,1.237306,0.24473,0.000817,0.029097,FAIL
S00795,L0039,T01,795,NEGATIVE,EXPOSED,50.0,78.452363,100.579952,-0.066094,95.991977,92.372071,103.529788,67.196095,2.428567,-0.811205,0.628582,49.964795,3.260562,1.597776,0.032249,0.082155,0.055511,FAIL
S00145,L0007,T02,145,NEGATIVE,EXPOSED,50.0,75.289359,96.52482,0.101786,105.337403,98.697239,107.906367,56.440807,2.356628,-0.775059,0.070167,50.000558,3.438598,2.123313,0.106233,0.042867,0.092394,FAIL
S00745,L0037,T01,745,POSITIVE,UNEXPOSED,50.0,99.641366,99.641366,-0.083256,90.762158,96.731761,107.557705,40.042513,2.359549,-0.729256,0.648004,50.911013,3.876096,1.508422,0.332658,0.019856,0.157811,FAIL
S00198,L0009,T03,198,POSITIVE,UNEXPOSED,50.0,96.807958,96.807958,0.078924,97.211518,97.542557,107.467683,52.850233,2.327848,0.750683,0.036684,52.559393,3.272577,1.635215,0.131815,0.010134,0.062707,FAIL
S00775,L0038,T01,775,POSITIVE,UNEXPOSED,50.0,98.350662,98.350662,-0.010821,92.074669,97.415892,108.541465,58.108675,2.34934,0.119148,-0.117018,48.789573,1.775087,2.435048,0.043668,0.044985,0.024194,PASS
S00148,L0007,T01,148,POSITIVE,UNEXPOSED,50.0,100.059547,100.059547,0.005051,89.410601,102.973239,111.020487,49.268511,2.456505,0.710904,0.364279,49.920983,4.682131,1.221402,0.081395,0.029444,0.138608,FAIL
S00756,L0037,T03,756,POSITIVE,UNEXPOSED,50.0,92.652816,92.652816,0.059235,102.645362,93.459093,105.117699,48.4686,2.36572,0.470449,0.748717,56.284048,2.845389,2.714863,0.407664,0.011546,0.154737,FAIL
S00193,L0009,T02,193,NEGATIVE,EXPOSED,50.0,77.537371,99.406887,0.01479,107.910301,104.722095,103.360203,51.88481,2.363712,-0.451953,-0.635509,51.949207,1.896086,1.170537,0.092674,0.014484,0.01436,PASS
S00174,L0008,T01,174,POSITIVE,UNEXPOSED,50.0,95.065567,95.065567,-0.033,122.863042,96.703475,105.928554,53.759553,2.361425,-0.610481,-0.831692,50.042709,2.655881,2.226866,0.256122,0.079932,0.084652,FAIL
S00719,L0035,T01,719,POSITIVE,UNEXPOSED,50.0,96.673205,96.673205,-0.048267,112.695967,97.968674,110.577792,50.966968,2.329049,0.544862,-0.880662,50.387013,3.065139,1.273754,0.221354,0.033874,0.05899,PASS
S00188,L0009,T01,188,NEGATIVE,EXPOSED,50.0,79.721813,102.207453,0.072692,98.891193,100.04961,104.333234,46.389694,2.293415,0.672024,-0.638732,49.547774,3.180834,1.305309,0.031752,0.007387,0.037291,PASS
S00291,L0014,T01,291,POSITIVE,UNEXPOSED,50.0,101.247609,101.247609,0.060275,106.148097,101.578196,108.000488,52.069935,2.399395,0.515659,-0.055144,47.45242,2.532965,1.455555,0.090803,0.05152,0.030967,PASS
S00453,L0022,T01,453,POSITIVE,UNEXPOSED,50.0,95.450555,95.450555,-0.056553,101.912985,97.438572,106.17859,54.126824,2.375757,0.24823,-0.711058,51.307403,3.122793,2.104909,0.143788,0.044394,0.079122,PASS
S00075,L0003,T01,75,POSITIVE,UNEXPOSED,50.0,95.104786,95.104786,-0.052679,96.64592,99.768875,109.452484,58.341738,2.395394,0.605443,0.199372,47.133713,2.769833,1.067917,0.086425,0.05344,0.030392,PASS
S00308,L0015,T02,308,POSITIVE,UNEXPOSED,50.0,101.249648,101.249648,0.094767,90.285888,99.548899,111.55753,45.547742,2.538336,0.822809,0.776702,50.899842,4.351794,1.321677,0.100477,0.018077,0.116343,FAIL
S00106,L0005,T01,106,POSITIVE,UNEXPOSED,50.0,86.3342575,100.62238,-0.03517,88.838791,97.697534,107.737323,47.951618,2.341325,0.404953,-0.894027,48.859928,2.875967,1.582364,0.106982,0.029021,0.043396,PASS
S00072,L0003,T01,72,POSITIVE,UNEXPOSED,50.0,95.591991,95.591991,0.042114,90.349635,99.52037,112.46236,44.947713,2.337073,0.984588,0.705657,53.954977,3.343666,1.45362,0.331589,0.009493,0.100996,FAIL
S00084,L0004,T01,84,NEGATIVE,EXPOSED,50.0,82.224895,105.416533,-0.0333,81.105208,101.958033,109.461134,48.942334,2.357414,-0.415313,-0.680772,51.347498,3.236942,2.32817,0.018775,0.006196,0.064161,FAIL
S00554,L0027,T01,554,POSITIVE,UNEXPOSED,50.0,99.842153,99.842153,0.114887,99.719529,98.271539,111.286611,48.240165,2.299067,0.929606,-0.275885,50.207562,3.862062,1.098591,0.144168,0.02824,0.081754,FAIL
S00175,L0008,T01,175,POSITIVE,UNEXPOSED,50.0,96.809385,96.809385,-0.028361,106.580228,97.63204,118.592861,53.047391,2.338824,0.924093,0.1479,50.112017,2.397594,4.442885,0.181411,0.025426,0.150979,PASS
S00068,L0003,T02,68,NEGATIVE,EXPOSED,50.0,70.662633,90.593119,-0.024029,89.426732,99.966125,109.40621250000001,58.774314,2.352399,-0.590498,0.776606,45.994414,2.888346,1.6126,0.225884,0.041391,0.062854,FAIL
S00419,L0020,T02,419,NEGATIVE,EXPOSED,50.0,71.980669,92.28291,-0.044986,105.524137,96.026794,104.335847,56.813242,2.470879,-0.721914,0.200812,48.320943,2.470505,1.419756,0.259014,0.06224,0.046603,FAIL
S00103,L0005,T01,103,NEGATIVE,EXPOSED,50.0,82.065959,105.212768,-0.056602,101.572767,93.550518,99.962805,58.219865,2.400214,-0.950655,0.339196,52.950017,3.04361,2.30545,0.015239,0.013801,0.054797,PASS
S00743,L0037,T01,743,NEGATIVE,EXPOSED,50.0,79.538794,101.972813,-0.02777,95.781902,100.079791,101.322812,61.209553,2.337067,-0.567122,-0.432093,48.487197,2.923223,1.904462,0.040328,0.032294,0.045038,PASS
S00515,L0025,T01,515,NEGATIVE,EXPOSED,50.0,73.015213,93.609247,-0.168525,93.148857,101.264631,106.355122,56.360639,2.386631,-0.789557,-0.108705,47.867703,5.038922,1.921472,0.153045,0.04117,0.287275,FAIL
S00500,L0025,T01,500,POSITIVE,UNEXPOSED,50.0,98.658597,98.658597,0.062777,107.479674,96.113399,109.935515,39.749285,2.316903,0.553398,-0.197013,49.708843,7.415495,1.124813,0.525611,0.017821,0.082013,FAIL
S00557,L0027,T02,557,POSITIVE,UNEXPOSED,50.0,94.414812,94.414812,-0.115599,87.431659,100.728661,116.555648,47.808282,2.352705,0.266666,0.061409,52.483664,3.44555,3.351127,0.247407,6.3e-05,0.211607,FAIL
S00233,L0011,T01,233,POSITIVE,UNEXPOSED,50.0,96.116799,96.116799,-0.053317,110.057548,102.304911,110.47015,48.569809,2.370668,0.92439,0.347686,51.771523,3.191262,1.473788,0.35133,0.036557,0.101403,FAIL
S00180,L0009,T01,180,POSITIVE,UNEXPOSED,50.0,93.853528,93.853528,0.012749,84.68052,95.552416,107.258317,48.88843,2.386913,0.58012,-0.154458,51.252283,2.152485,1.523201,0.210934,0.023666,0.030388,PASS
S00220,L0011,T01,220,NEGATIVE,EXPOSED,50.0,72.417345,92.84275,0.039408,104.687343,102.855113,106.711268,52.893236,2.430064,0.001192,-0.037713,46.967224,2.437113,1.561418,0.191084,0.014562,0.036326,FAIL
S00445,L0022,T02,445,NEGATIVE,EXPOSED,50.0,81.880592,104.975118,0.020823,94.179038,95.973561,106.0391,52.263073,2.433309,0.860825,0.156367,52.033986,2.671409,1.48058,0.0,0.008207,0.024736,PASS
S00042,L0002,T01,42,POSITIVE,UNEXPOSED,50.0,95.926524,95.926524,0.020044,112.611574,96.430969,108.092698,49.255495,2.369818,0.308476,0.79325,50.345851,2.596597,1.358534,0.315103,0.032743,0.054087,FAIL
S00487,L0024,T02,487,POSITIVE,UNEXPOSED,50.0,99.017874,99.017874,0.123312,97.766231,98.347971,110.270725,45.146242,2.339038,0.643672,0.489152,51.287862,4.309113,1.114102,0.203256,0.020883,0.132025,FAIL
S00494,L0024,T02,494,NEGATIVE,EXPOSED,50.0,78.718661,100.92136,-0.054028,83.836963,96.291282,106.507812,54.597254,2.412091,-0.206861,-0.76686,50.089245,3.57861,1.399939,0.035786,0.024749,0.056993,FAIL
S00309,L0015,T01,309,POSITIVE,UNEXPOSED,50.0,104.530195,104.530195,0.050607,98.129314,95.170552,113.183743,43.192492,2.38656,0.566495,0.262364,48.047686,2.79071,1.678322,0.130099,0.015036,0.043816,PASS
S00563,L0028,T01,563,NEGATIVE,EXPOSED,50.0,70.460198,90.333588,0.05307,92.836373,99.445031,108.422149,41.670494,2.436675,0.140405,-0.922188,48.373989,2.556128,2.541756,0.207235,0.017341,0.070064,PASS
S00593,L0029,T01,593,POSITIVE,UNEXPOSED,50.0,102.491888,102.491888,0.009747,88.328223,96.537329,108.833579,49.129665,2.417372,0.309526,0.834576,48.626812,1.972519,1.339726,0.072443,0.021831,0.016157,PASS
S00078,L0003,T02,78,POSITIVE,UNEXPOSED,50.0,99.340755,99.340755,-0.022018,113.040759,94.98301,109.40621250000001,46.703056,2.410826,0.596449,0.414277,51.764386,1.985315,1.334214,0.272507,0.017976,0.027903,FAIL
S00520,L0026,T02,520,POSITIVE,UNEXPOSED,50.0,104.568877,104.568877,-0.101352,88.207384,103.905339,105.995781,45.341219,2.419213,0.568958,-0.854868,49.336349,4.199765,2.016744,0.051453,0.003959,0.124878,FAIL
S00431,L0021,T02,431,POSITIVE,UNEXPOSED,50.0,105.137172,105.137172,-0.043341,84.776046,94.204595,104.337255,48.738932,2.342174,0.582809,0.576577,48.918889,1.399542,2.519962,0.038755,0.028317,0.070939,PASS
S00596,L0029,T01,596,POSITIVE,UNEXPOSED,50.0,101.626232,101.626232,0.075095,97.245998,91.939181,111.243138,48.476554,2.400952,-0.864156,0.676907,48.969885,3.659903,1.325373,0.111852,0.02844,0.072035,FAIL
S00394,L0019,T01,394,POSITIVE,UNEXPOSED,50.0,102.621852,102.621852,0.074876,93.337859,95.801074,111.350176,48.37367,2.497051,-0.680725,-0.077552,48.684028,2.647802,1.018817,0.071662,0.033017,0.024463,PASS
S00577,L0028,T03,577,NEGATIVE,EXPOSED,50.0,74.897198,96.022049,-0.137689,87.496414,96.130499,107.53244,60.212271,2.44543,-0.830327,-0.763774,50.85345,5.110354,1.566064,0.057424,0.022778,0.204707,FAIL
S00647,L0032,T01,647,POSITIVE,UNEXPOSED,50.0,99.36469,99.36469,0.000759,98.675674,92.374929,111.884977,53.642658,2.354899,-0.48037,-0.191947,47.933229,1.722534,1.452754,0.079129,0.030922,0.014515,PASS
S00041,L0002,T01,41,NEGATIVE,EXPOSED,50.0,82.963421,106.363361,-0.028728,108.707697,97.694642,108.290967,51.117627,2.325145,0.227688,-0.407397,50.469659,1.98733,1.944754,0.0,0.021266,0.01856,PASS
S00356,L0017,T01,356,NEGATIVE,EXPOSED,50.0,76.115488,97.583959,0.050739,94.314341,99.899845,106.837041,57.162052,2.443453,0.363635,-0.159688,48.439996,3.147771,1.52222,0.039567,0.024908,0.043351,PASS
S00204,L0010,T02,204,POSITIVE,UNEXPOSED,50.0,107.097818,107.097818,-0.056727,81.811701,104.87882,110.891387,59.243408,2.412846,-0.553732,-0.808879,49.889768,3.273249,1.446233,0.0,0.039078,0.042917,FAIL
S00363,L0018,T01,363,POSITIVE,UNEXPOSED,50.0,92.11911,92.11911,-0.022887,107.459637,98.548141,112.382538,51.369108,2.395208,-0.108595,0.162231,50.928366,1.361891,1.291358,0.363948,0.041422,0.022106,FAIL
S00683,L0034,T01,683,POSITIVE,UNEXPOSED,50.0,107.306479,107.306479,-0.00337,76.822735,100.724422,111.303006,41.878104,2.481446,-0.700131,-0.636805,45.982374,2.896912,1.103347,0.055574,0.007024,0.028261,FAIL
S00114,L0005,T01,114,POSITIVE,UNEXPOSED,50.0,99.135092,99.135092,0.097821,111.067618,103.071395,111.75202,58.448374,2.320803,0.986081,0.718792,50.618888,4.219715,0.848825,0.051244,0.096554,0.087742,FAIL
S00528,L0026,T01,528,POSITIVE,UNEXPOSED,50.0,106.407279,106.407279,-0.033939,96.680953,97.546225,109.185628,40.074761,2.314019,0.244169,0.708808,47.012477,2.492381,1.389115,0.120443,0.0,0.027646,PASS
S00549,L0027,T02,549,NEGATIVE,EXPOSED,50.0,79.300205,101.66693,-0.039262,100.919523,96.153309,105.990792,50.950638,2.246312,-0.707824,-0.971978,51.668768,3.560669,1.224539,0.03193,0.021575,0.050374,FAIL
S00070,L0003,T03,70,POSITIVE,UNEXPOSED,50.0,101.328357,101.328357,-0.051125,106.425633,95.695061,110.949638,51.933579,2.323771,-0.434397,-0.263735,51.685379,2.109086,1.094362,0.084524,0.012841,0.016038,PASS
S00631,L0031,T02,631,NEGATIVE,EXPOSED,50.0,75.211818,96.425407,-0.102694,92.506659,94.56561,102.541826,52.325095,2.388173,0.111193,0.12231,48.37599,3.245851,1.738021,0.121771,0.032336,0.066402,FAIL
S00086,L0004,T03,86,POSITIVE,UNEXPOSED,50.0,90.72316,90.72316,-0.012582,104.008544,95.591142,112.003894,49.098739,2.438536,0.363623,-0.384748,55.591112,1.776856,1.586659,0.488054,0.006208,0.046755,FAIL
S00271,L0013,T01,271,NEGATIVE,EXPOSED,50.0,73.407374,94.112018,-0.036823,105.698785,94.595898,104.528164,59.582463,2.340774,-0.57481,-0.333077,45.969796,2.655468,1.485474,0.204574,0.087962,0.051508,FAIL
S00033,L0001,T01,33,POSITIVE,UNEXPOSED,50.0,100.479079,100.479079,0.034239,89.56824,100.818197,109.648402,46.212821,2.307091,0.883758,0.564269,48.745409,3.350647,1.200515,0.125828,0.016678,0.053269,FAIL
S00272,L0013,T01,272,POSITIVE,UNEXPOSED,50.0,96.695191,96.695191,-0.033765,105.261882,96.069289,110.490042,53.760069,2.274608,-0.858909,-0.160512,49.526927,2.513379,1.198547,0.13363,0.029391,0.028284,PASS
S00314,L0015,T01,314,POSITIVE,UNEXPOSED,50.0,92.835657,92.835657,-0.136503,113.053639,99.096883,112.033611,43.72695,2.451049,0.156148,-0.438699,53.914301,3.940979,1.375783,0.696037,0.018148,0.336437,FAIL
S00082,L0004,T03,82,POSITIVE,UNEXPOSED,50.0,90.838405,90.838405,-0.159458,81.951303,101.113438,107.74718,41.896876,2.383759,0.514796,0.25267,58.831832,4.894772,1.61251,0.582715,0.005692,0.478331,FAIL
S00582,L0029,T02,582,NEGATIVE,EXPOSED,50.0,73.686954,94.470454,0.004741,93.960373,100.388801,108.00947,52.081469,2.389907,0.478452,-0.846077,49.869371,2.169966,1.874205,0.120117,0.003502,0.027662,PASS
S00438,L0021,T01,438,NEGATIVE,EXPOSED,50.0,87.918076,112.715482,-0.141025,111.20698,95.526335,105.206332,55.038038,2.390265,0.944471,0.902198,53.848048,5.300976,1.309606,0.009369,0.007682,0.181169,FAIL
S00300,L0015,T01,300,POSITIVE,UNEXPOSED,50.0,98.865435,98.865435,-0.030311,83.392628,95.517446,110.302115,42.645995,2.405476,-0.817023,0.610414,51.750058,3.105635,0.832397,0.249533,0.016632,0.05011,PASS
S00747,L0037,T01,747,POSITIVE,UNEXPOSED,50.0,92.898095,92.898095,-0.099025,116.200545,97.71907,110.53083,49.48997,2.428634,-0.488748,-0.225,51.206286,2.986828,1.514257,0.482465,0.035762,0.122599,FAIL
S00570,L0028,T03,570,POSITIVE,UNEXPOSED,50.0,104.503366,104.503366,0.001189,101.119821,100.2008,107.78449,55.269508,2.405854,-0.717842,0.145715,51.217837,1.57997,1.367628,0.0,0.051126,0.010384,PASS
S00237,L0011,T03,237,POSITIVE,UNEXPOSED,50.0,99.187991,99.187991,0.012504,91.683626,93.987922,109.416448,41.928124,2.335991,0.191936,0.051048,52.536784,2.030703,1.035461,0.252741,0.0,0.022385,FAIL
S00518,L0025,T03,518,POSITIVE,UNEXPOSED,50.0,102.470762,102.470762,0.079335,78.41527,96.480296,111.421849,44.69162,2.494492,-0.594799,0.065887,50.556711,3.461085,1.26407,0.06371,0.014605,0.05079,FAIL
S00440,L0022,T01,440,POSITIVE,UNEXPOSED,50.0,99.55865,99.55865,-0.039985,76.356346,94.684107,109.755687,45.529482,2.490145,0.120451,-0.756857,48.770512,2.573168,1.104436,0.100054,0.010541,0.02463,PASS
S00228,L0011,T01,228,NEGATIVE,EXPOSED,50.0,74.663298,95.722177,0.040287,100.124606,96.311487,105.934529,64.974723,2.367109,-0.958562,0.557475,47.230128,3.204642,1.543053,0.112995,0.110668,0.068223,FAIL
S00432,L0021,T01,432,POSITIVE,UNEXPOSED,50.0,97.023984,97.023984,-0.077583,87.331876,96.730092,107.513199,55.737611,2.361643,0.873108,-0.173641,48.281594,3.545047,1.796371,0.052551,0.037091,0.07318,FAIL
S00439,L0021,T01,439,POSITIVE,UNEXPOSED,50.0,112.22428,112.22428,-0.009115,101.06932,92.288961,113.318741,53.713672,2.203127,-0.145483,0.83015,46.454771,2.498155,2.195753,0.006336,0.029664,0.033667,FAIL
S00298,L0014,T01,298,POSITIVE,UNEXPOSED,50.0,91.67965,91.67965,-0.066978,98.900276,94.534237,109.85772,57.022827,2.451608,0.310059,0.157843,50.228085,2.567568,1.313964,0.177345,0.053892,0.037558,PASS
S00636,L0031,T01,636,POSITIVE,UNEXPOSED,50.0,99.081051,9.908105,-0.160946,87.938402,100.579092,114.724456,53.490673,2.412532,-0.653839,0.298212,48.984211,4.70976,2.219698,0.057771,0.027539,0.209944,FAIL
S00744,L0037,T01,744,NEGATIVE,EXPOSED,50.0,72.957019,93.53464,-0.036015,76.929177,98.489417,103.453485,53.41692,2.314588,-0.631637,-0.962204,47.550244,3.283667,1.714927,0.156163,0.0,0.068599,FAIL
S00617,L0030,T02,617,NEGATIVE,EXPOSED,50.0,77.100918,98.84733,-0.113056,82.425679,100.909735,99.517357,58.39028,2.355933,-0.177895,0.776779,50.650508,4.639096,2.44869,0.113383,0.019236,0.245191,FAIL
S00203,L0010,T03,203,POSITIVE,UNEXPOSED,50.0,88.732155,88.732155,-0.034159,91.784344,94.376868,110.09035,53.661215,2.340528,-0.788105,0.214758,54.595904,2.613697,1.343306,0.316634,0.003412,0.050959,FAIL
S00385,L0019,T01,385,POSITIVE,UNEXPOSED,50.0,93.664297,93.664297,-0.056433,95.173576,93.995096,108.872782,39.385177,2.338764,-0.014661,0.874366,52.247442,3.179872,1.267558,0.68551,0.025191,0.198205,FAIL
S00706,L0035,T01,706,POSITIVE,UNEXPOSED,50.0,95.389932,95.389932,-0.036926,107.367333,98.357091,107.015741,54.284165,2.367898,-0.748964,-0.721891,49.287122,2.467231,1.661449,0.169415,0.055134,0.040822,PASS
S00698,L0034,T01,698,POSITIVE,UNEXPOSED,50.0,108.798686,108.798686,0.048134,89.347728,100.193761,109.203223,42.563242,2.451175,-0.942757,-0.330374,45.962033,3.412295,1.543858,0.032517,0.034754,0.054553,FAIL
S00027,L0001,T01,27,POSITIVE,UNEXPOSED,50.0,92.299987,92.299987,0.020026,91.35754,97.389495,107.303025,49.894173,2.459709,0.159714,0.628102,50.360099,2.187596,1.969972,0.310501,0.010613,0.050158,FAIL
S00034,L0001,T01,34,NEGATIVE,EXPOSED,50.0,78.450553,100.577633,-0.106504,87.908201,95.558753,102.713798,65.093073,2.435495,0.997791,0.552376,51.092586,4.6474,1.686168,0.03213,0.040118,0.152897,FAIL
S00006,L0000,T02,6,POSITIVE,UNEXPOSED,50.0,103.775733,103.775733,-0.012889,91.483201,96.704325,110.215988,44.802476,2.427224,-0.757616,-0.798301,50.966397,2.93976,-0.610753,0.095593,0.027504,0.041588,PASS
S00081,L0004,T01,81,POSITIVE,UNEXPOSED,50.0,100.928294,100.928294,-0.061972,99.640928,100.253945,108.720702,42.723851,2.40314,0.720244,-0.313957,50.302187,3.197669,1.139034,0.261273,0.007765,0.063892,FAIL
S00677,L0033,T01,677,POSITIVE,UNEXPOSED,50.0,111.407335,111.407335,-0.147507,98.475663,100.255604,111.009734,48.877082,2.396633,0.686256,-0.813444,48.289799,5.150722,1.610903,0.0,0.027663,0.190505,FAIL
S00465,L0023,T01,465,POSITIVE,UNEXPOSED,50.0,104.939279,104.939279,-0.025067,108.761059,100.630015,105.844969,50.144951,2.38373,0.376615,0.624834,48.335847,2.076272,2.195082,0.053232,0.035883,0.027408,PASS
S00028,L0001,T01,28,POSITIVE,UNEXPOSED,50.0,107.070445,107.070445,-0.013203,99.122853,99.182261,104.67486,53.7678,2.269351,-0.973786,0.875493,48.772236,3.587602,2.528297,0.017401,0.022196,0.10023,FAIL
S00575,L0028,T03,575,POSITIVE,UNEXPOSED,50.0,87.221748,87.221748,-0.05527,102.87602,97.037469,108.796793,50.613934,2.436082,-0.447865,-0.142336,56.645115,2.603302,1.562085,0.581443,0.019455,0.115949,FAIL
S00151,L0007,T01,151,POSITIVE,UNEXPOSED,50.0,99.923332,99.923332,0.08566,94.738627,96.238282,112.088295,42.723311,2.30098,0.83159,-0.764863,49.820614,4.037239,1.198973,0.242594,0.003653,0.119149,FAIL
S00540,L0027,T02,540,POSITIVE,UNEXPOSED,50.0,102.208975,102.208975,0.047706,78.973262,99.524088,112.85995,58.179983,2.408397,-0.744737,0.03545,48.263196,3.249935,1.420105,0.0,0.032621,0.040897,FAIL
S00574,L0028,T02,574,NEGATIVE,EXPOSED,50.0,79.081029,101.385935,-0.091593,103.081931,96.180634,107.86678,51.781766,2.363985,-0.392629,0.685789,51.004361,3.63666,1.560831,0.027907,0.031882,0.064613,FAIL
S00358,L0017,T02,358,NEGATIVE,EXPOSED,50.0,82.344106,105.569367,0.007275,110.26452,99.681937,105.561956,63.193321,2.472268,-0.590505,-0.227184,53.107407,2.136807,1.238068,0.010053,0.057902,0.016145,FAIL
S00181,L0009,T01,181,NEGATIVE,EXPOSED,50.0,81.086517,103.957073,-0.03443,103.398772,96.168554,105.500259,61.958904,2.421665,-0.345768,-0.006282,51.208501,2.129656,1.632477,0.034525,0.076843,0.022245,PASS
S00144,L0007,T01,144,POSITIVE,UNEXPOSED,50.0,97.683239,97.683239,-0.0015,90.34371,95.521481,107.343524,44.593518,2.369423,-0.61748,0.051404,50.83828,2.237428,1.613055,0.257474,0.0,0.036612,FAIL
S00794,L0039,T01,794,NEGATIVE,EXPOSED,50.0,85.180604,109.205903,0.041975,87.504823,97.493288,107.627711,47.353983,2.380669,-0.876814,-0.734339,51.602631,3.474206,1.919085,0.032388,0.0,0.064119,FAIL
S00163,L0008,T01,163,NEGATIVE,EXPOSED,50.0,79.633214,102.093864,-0.102134,119.632881,100.990656,104.370834,51.917636,2.365035,-0.03362,0.737388,49.500686,4.022534,1.314845,0.052849,0.029448,0.081954,FAIL
S00185,L0009,T01,185,NEGATIVE,EXPOSED,50.0,87.106031,111.674399,-0.016759,106.637867,95.133267,105.815008,51.496501,2.373499,0.275264,0.893072,53.240427,2.237906,1.751173,0.0,0.012468,0.020164,FAIL
S00303,L0015,T01,303,POSITIVE,UNEXPOSED,50.0,98.375933,98.375933,-0.06294,105.418434,96.890945,108.242771,46.166341,2.344313,-0.515882,-0.170225,48.553267,2.824904,1.034759,0.264505,0.008934,0.045357,FAIL
